"OBJECTID","ID_0","ISO","NAME_0","ID_1","NAME_1","ID_2","NAME_2","HASC_2","CCN_2","CCA_2","TYPE_2","ENGTYPE_2","NL_NAME_2","VARNAME_2"
1,158,"NLD","Netherlands",1,"Drenthe",1,"Aa en Hunze","NL.DR.AH",NA,"","Gemeente","Municipality","",""
2,158,"NLD","Netherlands",1,"Drenthe",2,"Assen","NL.DR.AS",NA,"","Gemeente","Municipality","",""
3,158,"NLD","Netherlands",1,"Drenthe",3,"Borger-Odoorn","NL.DR.BO",NA,"","Gemeente","Municipality","",""
4,158,"NLD","Netherlands",1,"Drenthe",4,"Coevorden","NL.DR.CO",NA,"","Gemeente","Municipality","",""
5,158,"NLD","Netherlands",1,"Drenthe",5,"De Wolden","NL.DR.DW",NA,"","Gemeente","Municipality","",""
6,158,"NLD","Netherlands",1,"Drenthe",6,"Emmen","NL.DR.EM",NA,"","Gemeente","Municipality","",""
7,158,"NLD","Netherlands",1,"Drenthe",7,"Hoogeveen","NL.DR.HO",NA,"","Gemeente","Municipality","",""
8,158,"NLD","Netherlands",1,"Drenthe",8,"Meppel","NL.DR.ME",NA,"","Gemeente","Municipality","",""
9,158,"NLD","Netherlands",1,"Drenthe",9,"Midden-Drenthe","NL.DR.MD",NA,"","Gemeente","Municipality","","Middenveld"
10,158,"NLD","Netherlands",1,"Drenthe",10,"Noordenveld","NL.DR.NO",NA,"","Gemeente","Municipality","",""
11,158,"NLD","Netherlands",1,"Drenthe",11,"Tynaarlo","NL.DR.TY",NA,"","Gemeente","Municipality","","Zuidlaren"
12,158,"NLD","Netherlands",1,"Drenthe",12,"Westerveld","NL.DR.WE",NA,"","Gemeente","Municipality","",""
13,158,"NLD","Netherlands",2,"Flevoland",13,"Almere","NL.FL.AL",NA,"","Gemeente","Municipality","",""
14,158,"NLD","Netherlands",2,"Flevoland",14,"Dronten","NL.FL.DR",NA,"","Gemeente","Municipality","",""
15,158,"NLD","Netherlands",2,"Flevoland",15,"Lelystad","NL.FL.LE",NA,"","Gemeente","Municipality","",""
16,158,"NLD","Netherlands",2,"Flevoland",16,"Noordoostpolder","NL.FL.NO",NA,"","Gemeente","Municipality","",""
17,158,"NLD","Netherlands",2,"Flevoland",17,"Urk","NL.FL.UR",NA,"","Gemeente","Municipality","",""
18,158,"NLD","Netherlands",2,"Flevoland",18,"Zeewolde","NL.FL.ZE",NA,"","Gemeente","Municipality","",""
19,158,"NLD","Netherlands",3,"Friesland",19,"Achtkarspelen","NL.FR.AC",NA,"","Gemeente","Municipality","",""
20,158,"NLD","Netherlands",3,"Friesland",20,"Ameland","NL.FR.AM",NA,"","Gemeente","Municipality","",""
21,158,"NLD","Netherlands",3,"Friesland",21,"Boarnsterhim","NL.FR.BR",NA,"","Gemeente","Municipality","",""
22,158,"NLD","Netherlands",3,"Friesland",22,"Bolsward","NL.FR.BL",NA,"","Gemeente","Municipality","",""
23,158,"NLD","Netherlands",3,"Friesland",23,"Dantumadeel","NL.FR.DA",NA,"","Gemeente","Municipality","",""
24,158,"NLD","Netherlands",3,"Friesland",24,"Dongeradeel","NL.FR.DO",NA,"","Gemeente","Municipality","",""
25,158,"NLD","Netherlands",3,"Friesland",25,"Ferwerderadiel","NL.FR.FE",NA,"","Gemeente","Municipality","","Ferwerderadeel"
26,158,"NLD","Netherlands",3,"Friesland",26,"Franekeradeel","NL.FR.FR",NA,"","Gemeente","Municipality","",""
27,158,"NLD","Netherlands",3,"Friesland",27,"Gaasterlân-Sleat","NL.FR.GS",NA,"","Gemeente","Municipality","",""
28,158,"NLD","Netherlands",3,"Friesland",28,"Harlingen","NL.FR.HA",NA,"","Gemeente","Municipality","",""
29,158,"NLD","Netherlands",3,"Friesland",29,"Heerenveen","NL.FR.HE",NA,"","Gemeente","Municipality","",""
30,158,"NLD","Netherlands",3,"Friesland",30,"Het Bildt","NL.FR.HB",NA,"","Gemeente","Municipality","",""
31,158,"NLD","Netherlands",3,"Friesland",31,"Kollumerland c.a.","NL.FR.KN",NA,"","Gemeente","Municipality","","Kollumerland en Nieuwkruisland"
32,158,"NLD","Netherlands",3,"Friesland",32,"Leeuwarden","NL.FR.LW",NA,"","Gemeente","Municipality","",""
33,158,"NLD","Netherlands",3,"Friesland",33,"Leeuwarderadeel","NL.FR.LD",NA,"","Gemeente","Municipality","",""
34,158,"NLD","Netherlands",3,"Friesland",34,"Lemsterland","NL.FR.LL",NA,"","Gemeente","Municipality","",""
35,158,"NLD","Netherlands",3,"Friesland",35,"Littenseradiel","NL.FR.LI",NA,"","Gemeente","Municipality","",""
36,158,"NLD","Netherlands",3,"Friesland",36,"Menaldumadeel","NL.FR.ME",NA,"","Gemeente","Municipality","",""
37,158,"NLD","Netherlands",3,"Friesland",37,"Nijefurd","NL.FR.NI",NA,"","Gemeente","Municipality","",""
38,158,"NLD","Netherlands",3,"Friesland",38,"Ooststellingwerf","NL.FR.OO",NA,"","Gemeente","Municipality","",""
39,158,"NLD","Netherlands",3,"Friesland",39,"Opsterland","NL.FR.OP",NA,"","Gemeente","Municipality","",""
40,158,"NLD","Netherlands",3,"Friesland",40,"Schiermonnikoog","NL.FR.SC",NA,"","Gemeente","Municipality","",""
41,158,"NLD","Netherlands",3,"Friesland",41,"Skarsterlân","NL.FR.SK",NA,"","Gemeente","Municipality","",""
42,158,"NLD","Netherlands",3,"Friesland",42,"Smallingerland","NL.FR.SM",NA,"","Gemeente","Municipality","",""
43,158,"NLD","Netherlands",3,"Friesland",43,"Sneek","NL.FR.SN",NA,"","Gemeente","Municipality","",""
44,158,"NLD","Netherlands",3,"Friesland",44,"Terschelling","NL.FR.TE",NA,"","Gemeente","Municipality","",""
45,158,"NLD","Netherlands",3,"Friesland",45,"Tytsjerksteradiel","NL.FR.TY",NA,"","Gemeente","Municipality","",""
46,158,"NLD","Netherlands",3,"Friesland",46,"Vlieland","NL.FR.VL",NA,"","Gemeente","Municipality","",""
47,158,"NLD","Netherlands",3,"Friesland",47,"Wûnseradiel","NL.FR.WU",NA,"","Gemeente","Municipality","",""
48,158,"NLD","Netherlands",3,"Friesland",48,"Weststellingwerf","NL.FR.WE",NA,"","Gemeente","Municipality","",""
49,158,"NLD","Netherlands",3,"Friesland",49,"Wymbritseradiel","NL.FR.WY",NA,"","Gemeente","Municipality","",""
50,158,"NLD","Netherlands",4,"Gelderland",50,"Aalten","NL.GE.AA",NA,"","Gemeente","Municipality","",""
51,158,"NLD","Netherlands",4,"Gelderland",51,"Angerlo","NL.GE.AN",NA,"","Gemeente","Municipality","",""
52,158,"NLD","Netherlands",4,"Gelderland",52,"Apeldoorn","NL.GE.AP",NA,"","Gemeente","Municipality","",""
53,158,"NLD","Netherlands",4,"Gelderland",53,"Arnhem","NL.GE.AR",NA,"","Gemeente","Municipality","",""
54,158,"NLD","Netherlands",4,"Gelderland",54,"Barneveld","NL.GE.BA",NA,"","Gemeente","Municipality","",""
55,158,"NLD","Netherlands",4,"Gelderland",55,"Bergh","NL.GE.BG",NA,"","Gemeente","Municipality","",""
56,158,"NLD","Netherlands",4,"Gelderland",56,"Beuningen","NL.GE.BE",NA,"","Gemeente","Municipality","",""
57,158,"NLD","Netherlands",4,"Gelderland",57,"Borculo","NL.GE.BO",NA,"","Gemeente","Municipality","",""
58,158,"NLD","Netherlands",4,"Gelderland",58,"Brummen","NL.GE.BR",NA,"","Gemeente","Municipality","",""
59,158,"NLD","Netherlands",4,"Gelderland",59,"Buren","NL.GE.BU",NA,"","Gemeente","Municipality","",""
60,158,"NLD","Netherlands",4,"Gelderland",60,"Culemborg","NL.GE.CU",NA,"","Gemeente","Municipality","",""
61,158,"NLD","Netherlands",4,"Gelderland",61,"Didam","NL.GE.DD",NA,"","Gemeente","Municipality","",""
62,158,"NLD","Netherlands",4,"Gelderland",62,"Dinxperlo","NL.GE.DX",NA,"","Gemeente","Municipality","",""
63,158,"NLD","Netherlands",4,"Gelderland",63,"Doesburg","NL.GE.DB",NA,"","Gemeente","Municipality","",""
64,158,"NLD","Netherlands",4,"Gelderland",64,"Doetinchem","NL.GE.DT",NA,"","Gemeente","Municipality","",""
65,158,"NLD","Netherlands",4,"Gelderland",65,"Druten","NL.GE.DR",NA,"","Gemeente","Municipality","",""
66,158,"NLD","Netherlands",4,"Gelderland",66,"Duiven","NL.GE.DU",NA,"","Gemeente","Municipality","",""
67,158,"NLD","Netherlands",4,"Gelderland",67,"Ede","NL.GE.ED",NA,"","Gemeente","Municipality","",""
68,158,"NLD","Netherlands",4,"Gelderland",68,"Eibergen","NL.GE.EI",NA,"","Gemeente","Municipality","",""
69,158,"NLD","Netherlands",4,"Gelderland",69,"Elburg","NL.GE.EL",NA,"","Gemeente","Municipality","",""
70,158,"NLD","Netherlands",4,"Gelderland",70,"Epe","NL.GE.EP",NA,"","Gemeente","Municipality","",""
71,158,"NLD","Netherlands",4,"Gelderland",71,"Ermelo","NL.GE.ER",NA,"","Gemeente","Municipality","",""
72,158,"NLD","Netherlands",4,"Gelderland",72,"Geldermalsen","NL.GE.GM",NA,"","Gemeente","Municipality","",""
73,158,"NLD","Netherlands",4,"Gelderland",73,"Gendringen","NL.GE.GN",NA,"","Gemeente","Municipality","",""
74,158,"NLD","Netherlands",4,"Gelderland",74,"Gorssel","NL.GE.GO",NA,"","Gemeente","Municipality","",""
75,158,"NLD","Netherlands",4,"Gelderland",75,"Groenlo","NL.GE.GR",NA,"","Gemeente","Municipality","",""
76,158,"NLD","Netherlands",4,"Gelderland",76,"Groesbeek","NL.GE.GB",NA,"","Gemeente","Municipality","",""
77,158,"NLD","Netherlands",4,"Gelderland",77,"Harderwijk","NL.GE.HW",NA,"","Gemeente","Municipality","",""
78,158,"NLD","Netherlands",4,"Gelderland",78,"Hattem","NL.GE.HT",NA,"","Gemeente","Municipality","",""
79,158,"NLD","Netherlands",4,"Gelderland",79,"Heerde","NL.GE.HR",NA,"","Gemeente","Municipality","",""
80,158,"NLD","Netherlands",4,"Gelderland",80,"Hengelo","NL.GE.HG",NA,"","Gemeente","Municipality","",""
81,158,"NLD","Netherlands",4,"Gelderland",81,"Heumen","NL.GE.HM",NA,"","Gemeente","Municipality","",""
82,158,"NLD","Netherlands",4,"Gelderland",82,"Hummelo en Keppel","NL.GE.HK",NA,"","Gemeente","Municipality","",""
83,158,"NLD","Netherlands",4,"Gelderland",83,"Kesteren","NL.GE.KE",NA,"","Gemeente","Municipality","","Neder-Betuwe"
84,158,"NLD","Netherlands",4,"Gelderland",84,"Lichtenvoorde","NL.GE.LV",NA,"","Gemeente","Municipality","",""
85,158,"NLD","Netherlands",4,"Gelderland",85,"Lingewaal","NL.GE.LW",NA,"","Gemeente","Municipality","",""
86,158,"NLD","Netherlands",4,"Gelderland",86,"Lingewaard","NL.GE.BM",NA,"","Gemeente","Municipality","","Bemmel"
87,158,"NLD","Netherlands",4,"Gelderland",87,"Lochem","NL.GE.LO",NA,"","Gemeente","Municipality","",""
88,158,"NLD","Netherlands",4,"Gelderland",88,"Maasdriel","NL.GE.MA",NA,"","Gemeente","Municipality","",""
89,158,"NLD","Netherlands",4,"Gelderland",89,"Millingen aan de Rijn","NL.GE.MR",NA,"","Gemeente","Municipality","",""
90,158,"NLD","Netherlands",4,"Gelderland",90,"Neede","NL.GE.ND",NA,"","Gemeente","Municipality","",""
91,158,"NLD","Netherlands",4,"Gelderland",91,"Neerijnen","NL.GE.NR",NA,"","Gemeente","Municipality","",""
92,158,"NLD","Netherlands",4,"Gelderland",92,"Nijkerk","NL.GE.NK",NA,"","Gemeente","Municipality","",""
93,158,"NLD","Netherlands",4,"Gelderland",93,"Nijmegen","NL.GE.NM",NA,"","Gemeente","Municipality","",""
94,158,"NLD","Netherlands",4,"Gelderland",94,"Nunspeet","NL.GE.NU",NA,"","Gemeente","Municipality","",""
95,158,"NLD","Netherlands",4,"Gelderland",95,"Oldebroek","NL.GE.OL",NA,"","Gemeente","Municipality","",""
96,158,"NLD","Netherlands",4,"Gelderland",96,"Overbetuwe","NL.GE.OV",NA,"","Gemeente","Municipality","",""
97,158,"NLD","Netherlands",4,"Gelderland",97,"Putten","NL.GE.PU",NA,"","Gemeente","Municipality","",""
98,158,"NLD","Netherlands",4,"Gelderland",98,"Renkum","NL.GE.RE",NA,"","Gemeente","Municipality","",""
99,158,"NLD","Netherlands",4,"Gelderland",99,"Rheden","NL.GE.RH",NA,"","Gemeente","Municipality","",""
100,158,"NLD","Netherlands",4,"Gelderland",100,"Rijnwaarden","NL.GE.RI",NA,"","Gemeente","Municipality","",""
101,158,"NLD","Netherlands",4,"Gelderland",101,"Rozendaal","NL.GE.RO",NA,"","Gemeente","Municipality","",""
102,158,"NLD","Netherlands",4,"Gelderland",102,"Ruurlo","NL.GE.RU",NA,"","Gemeente","Municipality","",""
103,158,"NLD","Netherlands",4,"Gelderland",103,"Scherpenzeel","NL.GE.SC",NA,"","Gemeente","Municipality","",""
104,158,"NLD","Netherlands",4,"Gelderland",104,"Steenderen","NL.GE.ST",NA,"","Gemeente","Municipality","",""
105,158,"NLD","Netherlands",4,"Gelderland",105,"Tiel","NL.GE.TI",NA,"","Gemeente","Municipality","",""
106,158,"NLD","Netherlands",4,"Gelderland",106,"Ubbergen","NL.GE.UB",NA,"","Gemeente","Municipality","",""
107,158,"NLD","Netherlands",4,"Gelderland",107,"Voorst","NL.GE.VS",NA,"","Gemeente","Municipality","",""
108,158,"NLD","Netherlands",4,"Gelderland",108,"Vorden","NL.GE.VD",NA,"","Gemeente","Municipality","",""
109,158,"NLD","Netherlands",4,"Gelderland",109,"Wageningen","NL.GE.WG",NA,"","Gemeente","Municipality","",""
110,158,"NLD","Netherlands",4,"Gelderland",110,"Warnsveld","NL.GE.WR",NA,"","Gemeente","Municipality","",""
111,158,"NLD","Netherlands",4,"Gelderland",111,"Wehl","NL.GE.WL",NA,"","Gemeente","Municipality","",""
112,158,"NLD","Netherlands",4,"Gelderland",112,"West Maas en Waal","NL.GE.WM",NA,"","Gemeente","Municipality","",""
113,158,"NLD","Netherlands",4,"Gelderland",113,"Westervoort","NL.GE.WV",NA,"","Gemeente","Municipality","",""
114,158,"NLD","Netherlands",4,"Gelderland",114,"Wijchen","NL.GE.WC",NA,"","Gemeente","Municipality","",""
115,158,"NLD","Netherlands",4,"Gelderland",115,"Winterswijk","NL.GE.WW",NA,"","Gemeente","Municipality","",""
116,158,"NLD","Netherlands",4,"Gelderland",116,"Wisch","NL.GE.WS",NA,"","Gemeente","Municipality","",""
117,158,"NLD","Netherlands",4,"Gelderland",117,"Zaltbommel","NL.GE.ZA",NA,"","Gemeente","Municipality","",""
118,158,"NLD","Netherlands",4,"Gelderland",118,"Zelhem","NL.GE.ZL",NA,"","Gemeente","Municipality","",""
119,158,"NLD","Netherlands",4,"Gelderland",119,"Zevenaar","NL.GE.ZV",NA,"","Gemeente","Municipality","",""
120,158,"NLD","Netherlands",4,"Gelderland",120,"Zutphen","NL.GE.ZU",NA,"","Gemeente","Municipality","",""
121,158,"NLD","Netherlands",5,"Groningen",121,"Appingedam","NL.GR.AP",NA,"","Gemeente","Municipality","",""
122,158,"NLD","Netherlands",5,"Groningen",122,"Bedum","NL.GR.BD",NA,"","Gemeente","Municipality","",""
123,158,"NLD","Netherlands",5,"Groningen",123,"Bellingwedde","NL.GR.BL",NA,"","Gemeente","Municipality","",""
124,158,"NLD","Netherlands",5,"Groningen",124,"De Marne","NL.GR.DM",NA,"","Gemeente","Municipality","",""
125,158,"NLD","Netherlands",5,"Groningen",125,"Delfzijl","NL.GR.DE",NA,"","Gemeente","Municipality","",""
126,158,"NLD","Netherlands",5,"Groningen",126,"Eemsmond","NL.GR.EE",NA,"","Gemeente","Municipality","",""
127,158,"NLD","Netherlands",5,"Groningen",127,"Groningen","NL.GR.GR",NA,"","Gemeente","Municipality","",""
128,158,"NLD","Netherlands",5,"Groningen",128,"Grootegast","NL.GR.GT",NA,"","Gemeente","Municipality","",""
129,158,"NLD","Netherlands",5,"Groningen",129,"Haren","NL.GR.HA",NA,"","Gemeente","Municipality","",""
130,158,"NLD","Netherlands",5,"Groningen",130,"Hoogezand-Sappemeer","NL.GR.HS",NA,"","Gemeente","Municipality","",""
131,158,"NLD","Netherlands",5,"Groningen",131,"Leek","NL.GR.LE",NA,"","Gemeente","Municipality","",""
132,158,"NLD","Netherlands",5,"Groningen",132,"Loppersum","NL.GR.LO",NA,"","Gemeente","Municipality","",""
133,158,"NLD","Netherlands",5,"Groningen",133,"Marum","NL.GR.MA",NA,"","Gemeente","Municipality","",""
134,158,"NLD","Netherlands",5,"Groningen",134,"Menterwolde","NL.GR.ME",NA,"","Gemeente","Municipality","",""
135,158,"NLD","Netherlands",5,"Groningen",135,"Pekela","NL.GR.PE",NA,"","Gemeente","Municipality","",""
136,158,"NLD","Netherlands",5,"Groningen",136,"Reiderland","NL.GR.RE",NA,"","Gemeente","Municipality","",""
137,158,"NLD","Netherlands",5,"Groningen",137,"Scheemda","NL.GR.SC",NA,"","Gemeente","Municipality","",""
138,158,"NLD","Netherlands",5,"Groningen",138,"Slochteren","NL.GR.SL",NA,"","Gemeente","Municipality","",""
139,158,"NLD","Netherlands",5,"Groningen",139,"Stadskanaal","NL.GR.ST",NA,"","Gemeente","Municipality","",""
140,158,"NLD","Netherlands",5,"Groningen",140,"Ten Boer","NL.GR.TB",NA,"","Gemeente","Municipality","",""
141,158,"NLD","Netherlands",5,"Groningen",141,"Veendam","NL.GR.VE",NA,"","Gemeente","Municipality","",""
142,158,"NLD","Netherlands",5,"Groningen",142,"Vlagtwedde","NL.GR.VL",NA,"","Gemeente","Municipality","",""
143,158,"NLD","Netherlands",5,"Groningen",143,"Winschoten","NL.GR.WT",NA,"","Gemeente","Municipality","",""
144,158,"NLD","Netherlands",5,"Groningen",144,"Winsum","NL.GR.WM",NA,"","Gemeente","Municipality","",""
145,158,"NLD","Netherlands",5,"Groningen",145,"Zuidhorn","NL.GR.ZU",NA,"","Gemeente","Municipality","",""
146,158,"NLD","Netherlands",6,"IJsselmeer",146,"","",NA,"","Water body","Water body","",""
147,158,"NLD","Netherlands",7,"Limburg",147,"Ambt Montfort","NL.LI.AM",NA,"","Gemeente","Municipality","",""
148,158,"NLD","Netherlands",7,"Limburg",148,"Arcen en Velden","NL.LI.AV",NA,"","Gemeente","Municipality","",""
149,158,"NLD","Netherlands",7,"Limburg",149,"Beek","NL.LI.BK",NA,"","Gemeente","Municipality","",""
150,158,"NLD","Netherlands",7,"Limburg",150,"Beesel","NL.LI.BS",NA,"","Gemeente","Municipality","",""
151,158,"NLD","Netherlands",7,"Limburg",151,"Bergen","NL.LI.BG",NA,"","Gemeente","Municipality","",""
152,158,"NLD","Netherlands",7,"Limburg",152,"Brunssum","NL.LI.BR",NA,"","Gemeente","Municipality","",""
153,158,"NLD","Netherlands",7,"Limburg",153,"Echt-Susteren","NL.LI.EC",NA,"","Gemeente","Municipality","",""
154,158,"NLD","Netherlands",7,"Limburg",154,"Eijsden","NL.LI.EI",NA,"","Gemeente","Municipality","",""
155,158,"NLD","Netherlands",7,"Limburg",155,"Gennep","NL.LI.GE",NA,"","Gemeente","Municipality","",""
156,158,"NLD","Netherlands",7,"Limburg",156,"Gulpen-Wittem","NL.LI.GW",NA,"","Gemeente","Municipality","",""
157,158,"NLD","Netherlands",7,"Limburg",157,"Haelen","NL.LI.HA",NA,"","Gemeente","Municipality","",""
158,158,"NLD","Netherlands",7,"Limburg",158,"Heel","NL.LI.HL",NA,"","Gemeente","Municipality","",""
159,158,"NLD","Netherlands",7,"Limburg",159,"Heerlen","NL.LI.HR",NA,"","Gemeente","Municipality","",""
160,158,"NLD","Netherlands",7,"Limburg",160,"Helden","NL.LI.HD",NA,"","Gemeente","Municipality","",""
161,158,"NLD","Netherlands",7,"Limburg",161,"Heythuysen","NL.LI.HT",NA,"","Gemeente","Municipality","",""
162,158,"NLD","Netherlands",7,"Limburg",162,"Horst aan de Maas","NL.LI.HM",NA,"","Gemeente","Municipality","",""
163,158,"NLD","Netherlands",7,"Limburg",163,"Hunsel","NL.LI.HU",NA,"","Gemeente","Municipality","",""
164,158,"NLD","Netherlands",7,"Limburg",164,"Kerkrade","NL.LI.KR",NA,"","Gemeente","Municipality","",""
165,158,"NLD","Netherlands",7,"Limburg",165,"Kessel","NL.LI.KS",NA,"","Gemeente","Municipality","",""
166,158,"NLD","Netherlands",7,"Limburg",166,"Landgraaf","NL.LI.LA",NA,"","Gemeente","Municipality","",""
167,158,"NLD","Netherlands",7,"Limburg",167,"Maasbracht","NL.LI.MT",NA,"","Gemeente","Municipality","",""
168,158,"NLD","Netherlands",7,"Limburg",168,"Maasbree","NL.LI.MB",NA,"","Gemeente","Municipality","",""
169,158,"NLD","Netherlands",7,"Limburg",169,"Maastricht","NL.LI.MA",NA,"","Gemeente","Municipality","",""
170,158,"NLD","Netherlands",7,"Limburg",170,"Margraten","NL.LI.MG",NA,"","Gemeente","Municipality","",""
171,158,"NLD","Netherlands",7,"Limburg",171,"Meerlo-Wanssum","NL.LI.MW",NA,"","Gemeente","Municipality","",""
172,158,"NLD","Netherlands",7,"Limburg",172,"Meerssen","NL.LI.MS",NA,"","Gemeente","Municipality","",""
173,158,"NLD","Netherlands",7,"Limburg",173,"Meijel","NL.LI.MJ",NA,"","Gemeente","Municipality","",""
174,158,"NLD","Netherlands",7,"Limburg",174,"Mook en Middelaar","NL.LI.MM",NA,"","Gemeente","Municipality","",""
175,158,"NLD","Netherlands",7,"Limburg",175,"Nederweert","NL.LI.NE",NA,"","Gemeente","Municipality","",""
176,158,"NLD","Netherlands",7,"Limburg",176,"Nuth","NL.LI.NU",NA,"","Gemeente","Municipality","",""
177,158,"NLD","Netherlands",7,"Limburg",177,"Onderbanken","NL.LI.ON",NA,"","Gemeente","Municipality","",""
178,158,"NLD","Netherlands",7,"Limburg",178,"Roerdalen","NL.LI.RD",NA,"","Gemeente","Municipality","",""
179,158,"NLD","Netherlands",7,"Limburg",179,"Roermond","NL.LI.RM",NA,"","Gemeente","Municipality","",""
180,158,"NLD","Netherlands",7,"Limburg",180,"Roggel en Neer","NL.LI.RN",NA,"","Gemeente","Municipality","",""
181,158,"NLD","Netherlands",7,"Limburg",181,"Schinnen","NL.LI.SC",NA,"","Gemeente","Municipality","",""
182,158,"NLD","Netherlands",7,"Limburg",182,"Sevenum","NL.LI.SE",NA,"","Gemeente","Municipality","",""
183,158,"NLD","Netherlands",7,"Limburg",183,"Simpelveld","NL.LI.SI",NA,"","Gemeente","Municipality","",""
184,158,"NLD","Netherlands",7,"Limburg",184,"Sittard-Geleen","NL.LI.SG",NA,"","Gemeente","Municipality","",""
185,158,"NLD","Netherlands",7,"Limburg",185,"Stein","NL.LI.ST",NA,"","Gemeente","Municipality","",""
186,158,"NLD","Netherlands",7,"Limburg",186,"Swalmen","NL.LI.SW",NA,"","Gemeente","Municipality","",""
187,158,"NLD","Netherlands",7,"Limburg",187,"Thorn","NL.LI.TH",NA,"","Gemeente","Municipality","",""
188,158,"NLD","Netherlands",7,"Limburg",188,"Vaals","NL.LI.VA",NA,"","Gemeente","Municipality","",""
189,158,"NLD","Netherlands",7,"Limburg",189,"Valkenburg aan de Geul","NL.LI.VG",NA,"","Gemeente","Municipality","",""
190,158,"NLD","Netherlands",7,"Limburg",190,"Venlo","NL.LI.VL",NA,"","Gemeente","Municipality","",""
191,158,"NLD","Netherlands",7,"Limburg",191,"Venray","NL.LI.VR",NA,"","Gemeente","Municipality","",""
192,158,"NLD","Netherlands",7,"Limburg",192,"Voerendaal","NL.LI.VO",NA,"","Gemeente","Municipality","",""
193,158,"NLD","Netherlands",7,"Limburg",193,"Weert","NL.LI.WE",NA,"","Gemeente","Municipality","",""
194,158,"NLD","Netherlands",8,"Noord-Brabant",194,"'s-Hertogenbosch","NL.NB.SH",NA,"","Gemeente","Municipality","",""
195,158,"NLD","Netherlands",8,"Noord-Brabant",195,"Aalburg","NL.NB.AA",NA,"","Gemeente","Municipality","",""
196,158,"NLD","Netherlands",8,"Noord-Brabant",196,"Alphen-Chaam","NL.NB.AC",NA,"","Gemeente","Municipality","",""
197,158,"NLD","Netherlands",8,"Noord-Brabant",197,"Asten","NL.NB.AS",NA,"","Gemeente","Municipality","",""
198,158,"NLD","Netherlands",8,"Noord-Brabant",198,"Baarle-Nassau","NL.NB.BN",NA,"","Gemeente","Municipality","",""
199,158,"NLD","Netherlands",8,"Noord-Brabant",199,"Bergeijk","NL.NB.BG",NA,"","Gemeente","Municipality","","Bergeyk"
200,158,"NLD","Netherlands",8,"Noord-Brabant",200,"Bergen op Zoom","NL.NB.BZ",NA,"","Gemeente","Municipality","",""
201,158,"NLD","Netherlands",8,"Noord-Brabant",201,"Bernheze","NL.NB.BH",NA,"","Gemeente","Municipality","",""
202,158,"NLD","Netherlands",8,"Noord-Brabant",202,"Best","NL.NB.BS",NA,"","Gemeente","Municipality","",""
203,158,"NLD","Netherlands",8,"Noord-Brabant",203,"Bladel","NL.NB.BL",NA,"","Gemeente","Municipality","",""
204,158,"NLD","Netherlands",8,"Noord-Brabant",204,"Boekel","NL.NB.BO",NA,"","Gemeente","Municipality","",""
205,158,"NLD","Netherlands",8,"Noord-Brabant",205,"Boxmeer","NL.NB.BM",NA,"","Gemeente","Municipality","",""
206,158,"NLD","Netherlands",8,"Noord-Brabant",206,"Boxtel","NL.NB.BT",NA,"","Gemeente","Municipality","",""
207,158,"NLD","Netherlands",8,"Noord-Brabant",207,"Breda","NL.NB.BR",NA,"","Gemeente","Municipality","",""
208,158,"NLD","Netherlands",8,"Noord-Brabant",208,"Cranendonck","NL.NB.CR",NA,"","Gemeente","Municipality","","Budel"
209,158,"NLD","Netherlands",8,"Noord-Brabant",209,"Cuijk","NL.NB.CU",NA,"","Gemeente","Municipality","",""
210,158,"NLD","Netherlands",8,"Noord-Brabant",210,"Deurne","NL.NB.DE",NA,"","Gemeente","Municipality","",""
211,158,"NLD","Netherlands",8,"Noord-Brabant",211,"Dongen","NL.NB.DO",NA,"","Gemeente","Municipality","",""
212,158,"NLD","Netherlands",8,"Noord-Brabant",212,"Drimmelen","NL.NB.DR",NA,"","Gemeente","Municipality","","Made"
213,158,"NLD","Netherlands",8,"Noord-Brabant",213,"Eersel","NL.NB.EE",NA,"","Gemeente","Municipality","",""
214,158,"NLD","Netherlands",8,"Noord-Brabant",214,"Eindhoven","NL.NB.EI",NA,"","Gemeente","Municipality","",""
215,158,"NLD","Netherlands",8,"Noord-Brabant",215,"Etten-Leur","NL.NB.EL",NA,"","Gemeente","Municipality","",""
216,158,"NLD","Netherlands",8,"Noord-Brabant",216,"Geertruidenberg","NL.NB.GE",NA,"","Gemeente","Municipality","",""
217,158,"NLD","Netherlands",8,"Noord-Brabant",217,"Geldrop","NL.NB.GD",NA,"","Gemeente","Municipality","",""
218,158,"NLD","Netherlands",8,"Noord-Brabant",218,"Gemert-Bakel","NL.NB.GB",NA,"","Gemeente","Municipality","",""
219,158,"NLD","Netherlands",8,"Noord-Brabant",219,"Gilze en Rijen","NL.NB.GR",NA,"","Gemeente","Municipality","",""
220,158,"NLD","Netherlands",8,"Noord-Brabant",220,"Goirle","NL.NB.GO",NA,"","Gemeente","Municipality","",""
221,158,"NLD","Netherlands",8,"Noord-Brabant",221,"Grave","NL.NB.GV",NA,"","Gemeente","Municipality","",""
222,158,"NLD","Netherlands",8,"Noord-Brabant",222,"Haaren","NL.NB.HR",NA,"","Gemeente","Municipality","",""
223,158,"NLD","Netherlands",8,"Noord-Brabant",223,"Halderberge","NL.NB.HB",NA,"","Gemeente","Municipality","",""
224,158,"NLD","Netherlands",8,"Noord-Brabant",224,"Heeze-Leende","NL.NB.HL",NA,"","Gemeente","Municipality","",""
225,158,"NLD","Netherlands",8,"Noord-Brabant",225,"Helmond","NL.NB.HM",NA,"","Gemeente","Municipality","",""
226,158,"NLD","Netherlands",8,"Noord-Brabant",226,"Heusden","NL.NB.HS",NA,"","Gemeente","Municipality","",""
227,158,"NLD","Netherlands",8,"Noord-Brabant",227,"Hilvarenbeek","NL.NB.HI",NA,"","Gemeente","Municipality","",""
228,158,"NLD","Netherlands",8,"Noord-Brabant",228,"Laarbeek","NL.NB.LB",NA,"","Gemeente","Municipality","",""
229,158,"NLD","Netherlands",8,"Noord-Brabant",229,"Landerd","NL.NB.LN",NA,"","Gemeente","Municipality","",""
230,158,"NLD","Netherlands",8,"Noord-Brabant",230,"Lith","NL.NB.LI",NA,"","Gemeente","Municipality","",""
231,158,"NLD","Netherlands",8,"Noord-Brabant",231,"Loon op Zand","NL.NB.LZ",NA,"","Gemeente","Municipality","",""
232,158,"NLD","Netherlands",8,"Noord-Brabant",232,"Maasdonk","NL.NB.MA",NA,"","Gemeente","Municipality","",""
233,158,"NLD","Netherlands",8,"Noord-Brabant",233,"Mierlo","NL.NB.MI",NA,"","Gemeente","Municipality","",""
234,158,"NLD","Netherlands",8,"Noord-Brabant",234,"Mill en Sint Hubert","NL.NB.MS",NA,"","Gemeente","Municipality","",""
235,158,"NLD","Netherlands",8,"Noord-Brabant",235,"Moerdijk","NL.NB.MO",NA,"","Gemeente","Municipality","","Zevenbergen"
236,158,"NLD","Netherlands",8,"Noord-Brabant",236,"Nuenen c.a.","NL.NB.NG",NA,"","Gemeente","Municipality","",""
237,158,"NLD","Netherlands",8,"Noord-Brabant",237,"Oirschot","NL.NB.OR",NA,"","Gemeente","Municipality","",""
238,158,"NLD","Netherlands",8,"Noord-Brabant",238,"Oisterwijk","NL.NB.OW",NA,"","Gemeente","Municipality","",""
239,158,"NLD","Netherlands",8,"Noord-Brabant",239,"Oosterhout","NL.NB.OO",NA,"","Gemeente","Municipality","",""
240,158,"NLD","Netherlands",8,"Noord-Brabant",240,"Oss","NL.NB.OS",NA,"","Gemeente","Municipality","",""
241,158,"NLD","Netherlands",8,"Noord-Brabant",241,"Reusel-De Mierden","NL.NB.RD",NA,"","Gemeente","Municipality","",""
242,158,"NLD","Netherlands",8,"Noord-Brabant",242,"Roosendaal","NL.NB.RO",NA,"","Gemeente","Municipality","",""
243,158,"NLD","Netherlands",8,"Noord-Brabant",243,"Rucphen","NL.NB.RU",NA,"","Gemeente","Municipality","",""
244,158,"NLD","Netherlands",8,"Noord-Brabant",244,"Schijndel","NL.NB.SC",NA,"","Gemeente","Municipality","",""
245,158,"NLD","Netherlands",8,"Noord-Brabant",245,"Sint-Michielsgestel","NL.NB.SM",NA,"","Gemeente","Municipality","",""
246,158,"NLD","Netherlands",8,"Noord-Brabant",246,"Sint-Oedenrode","NL.NB.SO",NA,"","Gemeente","Municipality","",""
247,158,"NLD","Netherlands",8,"Noord-Brabant",247,"Sint Anthonis","NL.NB.SA",NA,"","Gemeente","Municipality","",""
248,158,"NLD","Netherlands",8,"Noord-Brabant",248,"Someren","NL.NB.SR",NA,"","Gemeente","Municipality","",""
249,158,"NLD","Netherlands",8,"Noord-Brabant",249,"Son en Breugel","NL.NB.SB",NA,"","Gemeente","Municipality","",""
250,158,"NLD","Netherlands",8,"Noord-Brabant",250,"Steenbergen","NL.NB.ST",NA,"","Gemeente","Municipality","",""
251,158,"NLD","Netherlands",8,"Noord-Brabant",251,"Tilburg","NL.NB.TI",NA,"","Gemeente","Municipality","",""
252,158,"NLD","Netherlands",8,"Noord-Brabant",252,"Uden","NL.NB.UD",NA,"","Gemeente","Municipality","",""
253,158,"NLD","Netherlands",8,"Noord-Brabant",253,"Valkenswaard","NL.NB.VA",NA,"","Gemeente","Municipality","",""
254,158,"NLD","Netherlands",8,"Noord-Brabant",254,"Veghel","NL.NB.VG",NA,"","Gemeente","Municipality","",""
255,158,"NLD","Netherlands",8,"Noord-Brabant",255,"Veldhoven","NL.NB.VH",NA,"","Gemeente","Municipality","",""
256,158,"NLD","Netherlands",8,"Noord-Brabant",256,"Vught","NL.NB.VU",NA,"","Gemeente","Municipality","",""
257,158,"NLD","Netherlands",8,"Noord-Brabant",257,"Waalre","NL.NB.WR",NA,"","Gemeente","Municipality","",""
258,158,"NLD","Netherlands",8,"Noord-Brabant",258,"Waalwijk","NL.NB.WW",NA,"","Gemeente","Municipality","",""
259,158,"NLD","Netherlands",8,"Noord-Brabant",259,"Werkendam","NL.NB.WE",NA,"","Gemeente","Municipality","",""
260,158,"NLD","Netherlands",8,"Noord-Brabant",260,"Woensdrecht","NL.NB.WD",NA,"","Gemeente","Municipality","",""
261,158,"NLD","Netherlands",8,"Noord-Brabant",261,"Woudrichem","NL.NB.WO",NA,"","Gemeente","Municipality","",""
262,158,"NLD","Netherlands",8,"Noord-Brabant",262,"Zundert","NL.NB.ZU",NA,"","Gemeente","Municipality","",""
263,158,"NLD","Netherlands",9,"Noord-Holland",263,"Aalsmeer","NL.NH.AA",NA,"","Gemeente","Municipality","",""
264,158,"NLD","Netherlands",9,"Noord-Holland",264,"Alkmaar","NL.NH.AL",NA,"","Gemeente","Municipality","",""
265,158,"NLD","Netherlands",9,"Noord-Holland",265,"Amstelveen","NL.NH.AV",NA,"","Gemeente","Municipality","",""
266,158,"NLD","Netherlands",9,"Noord-Holland",266,"Amsterdam","NL.NH.AD",NA,"","Gemeente","Municipality","",""
267,158,"NLD","Netherlands",9,"Noord-Holland",267,"Andijk","NL.NH.AN",NA,"","Gemeente","Municipality","",""
268,158,"NLD","Netherlands",9,"Noord-Holland",268,"Anna Paulowna","NL.NH.AP",NA,"","Gemeente","Municipality","",""
269,158,"NLD","Netherlands",9,"Noord-Holland",269,"Beemster","NL.NH.BM",NA,"","Gemeente","Municipality","",""
270,158,"NLD","Netherlands",9,"Noord-Holland",270,"Bennebroek","NL.NH.BB",NA,"","Gemeente","Municipality","",""
271,158,"NLD","Netherlands",9,"Noord-Holland",271,"Bergen","NL.NH.BG",NA,"","Gemeente","Municipality","",""
272,158,"NLD","Netherlands",9,"Noord-Holland",272,"Beverwijk","NL.NH.BV",NA,"","Gemeente","Municipality","",""
273,158,"NLD","Netherlands",9,"Noord-Holland",273,"Blaricum","NL.NH.BC",NA,"","Gemeente","Municipality","",""
274,158,"NLD","Netherlands",9,"Noord-Holland",274,"Bloemendaal","NL.NH.BL",NA,"","Gemeente","Municipality","",""
275,158,"NLD","Netherlands",9,"Noord-Holland",275,"Bussum","NL.NH.BU",NA,"","Gemeente","Municipality","",""
276,158,"NLD","Netherlands",9,"Noord-Holland",276,"Castricum","NL.NH.CA",NA,"","Gemeente","Municipality","",""
277,158,"NLD","Netherlands",9,"Noord-Holland",277,"Den Helder","NL.NH.DH",NA,"","Gemeente","Municipality","",""
278,158,"NLD","Netherlands",9,"Noord-Holland",278,"Diemen","NL.NH.DI",NA,"","Gemeente","Municipality","",""
279,158,"NLD","Netherlands",9,"Noord-Holland",279,"Drechterland","NL.NH.DR",NA,"","Gemeente","Municipality","",""
280,158,"NLD","Netherlands",9,"Noord-Holland",280,"Edam-Volendam","NL.NH.EV",NA,"","Gemeente","Municipality","",""
281,158,"NLD","Netherlands",9,"Noord-Holland",281,"Enkhuizen","NL.NH.EN",NA,"","Gemeente","Municipality","",""
282,158,"NLD","Netherlands",9,"Noord-Holland",282,"Graft-De Rijp","NL.NH.GD",NA,"","Gemeente","Municipality","",""
283,158,"NLD","Netherlands",9,"Noord-Holland",283,"Haarlem","NL.NH.HA",NA,"","Gemeente","Municipality","",""
284,158,"NLD","Netherlands",9,"Noord-Holland",284,"Haarlemmerliede c.a.","NL.NH.HS",NA,"","Gemeente","Municipality","","Haarlemmerliede en Spaarnwoude"
285,158,"NLD","Netherlands",9,"Noord-Holland",285,"Haarlemmermeer","NL.NH.HM",NA,"","Gemeente","Municipality","",""
286,158,"NLD","Netherlands",9,"Noord-Holland",286,"Harenkarspel","NL.NH.HP",NA,"","Gemeente","Municipality","",""
287,158,"NLD","Netherlands",9,"Noord-Holland",287,"Heemskerk","NL.NH.HK",NA,"","Gemeente","Municipality","",""
288,158,"NLD","Netherlands",9,"Noord-Holland",288,"Heemstede","NL.NH.HE",NA,"","Gemeente","Municipality","",""
289,158,"NLD","Netherlands",9,"Noord-Holland",289,"Heerhugowaard","NL.NH.HH",NA,"","Gemeente","Municipality","",""
290,158,"NLD","Netherlands",9,"Noord-Holland",290,"Heiloo","NL.NH.HL",NA,"","Gemeente","Municipality","",""
291,158,"NLD","Netherlands",9,"Noord-Holland",291,"Hilversum","NL.NH.HI",NA,"","Gemeente","Municipality","",""
292,158,"NLD","Netherlands",9,"Noord-Holland",292,"Hoorn","NL.NH.HO",NA,"","Gemeente","Municipality","",""
293,158,"NLD","Netherlands",9,"Noord-Holland",293,"Huizen","NL.NH.HU",NA,"","Gemeente","Municipality","",""
294,158,"NLD","Netherlands",9,"Noord-Holland",294,"Landsmeer","NL.NH.LM",NA,"","Gemeente","Municipality","",""
295,158,"NLD","Netherlands",9,"Noord-Holland",295,"Langedijk","NL.NH.LD",NA,"","Gemeente","Municipality","",""
296,158,"NLD","Netherlands",9,"Noord-Holland",296,"Laren","NL.NH.LR",NA,"","Gemeente","Municipality","",""
297,158,"NLD","Netherlands",9,"Noord-Holland",297,"Medemblik","NL.NH.ME",NA,"","Gemeente","Municipality","",""
298,158,"NLD","Netherlands",9,"Noord-Holland",298,"Muiden","NL.NH.MU",NA,"","Gemeente","Municipality","",""
299,158,"NLD","Netherlands",9,"Noord-Holland",299,"Naarden","NL.NH.NA",NA,"","Gemeente","Municipality","",""
300,158,"NLD","Netherlands",9,"Noord-Holland",300,"Niedorp","NL.NH.NI",NA,"","Gemeente","Municipality","",""
301,158,"NLD","Netherlands",9,"Noord-Holland",301,"Noorder-Koggenland","NL.NH.NK",NA,"","Gemeente","Municipality","",""
302,158,"NLD","Netherlands",9,"Noord-Holland",302,"Obdam","NL.NH.OB",NA,"","Gemeente","Municipality","",""
303,158,"NLD","Netherlands",9,"Noord-Holland",303,"Oostzaan","NL.NH.OO",NA,"","Gemeente","Municipality","",""
304,158,"NLD","Netherlands",9,"Noord-Holland",304,"Opmeer","NL.NH.OP",NA,"","Gemeente","Municipality","",""
305,158,"NLD","Netherlands",9,"Noord-Holland",305,"Ouder-Amstel","NL.NH.OA",NA,"","Gemeente","Municipality","",""
306,158,"NLD","Netherlands",9,"Noord-Holland",306,"Purmerend","NL.NH.PU",NA,"","Gemeente","Municipality","",""
307,158,"NLD","Netherlands",9,"Noord-Holland",307,"Schagen","NL.NH.SN",NA,"","Gemeente","Municipality","",""
308,158,"NLD","Netherlands",9,"Noord-Holland",308,"Schermer","NL.NH.SR",NA,"","Gemeente","Municipality","",""
309,158,"NLD","Netherlands",9,"Noord-Holland",309,"Stede Broec","NL.NH.SB",NA,"","Gemeente","Municipality","",""
310,158,"NLD","Netherlands",9,"Noord-Holland",310,"Texel","NL.NH.TE",NA,"","Gemeente","Municipality","",""
311,158,"NLD","Netherlands",9,"Noord-Holland",311,"Uitgeest","NL.NH.UG",NA,"","Gemeente","Municipality","",""
312,158,"NLD","Netherlands",9,"Noord-Holland",312,"Uithoorn","NL.NH.UH",NA,"","Gemeente","Municipality","",""
313,158,"NLD","Netherlands",9,"Noord-Holland",313,"Velsen","NL.NH.VL",NA,"","Gemeente","Municipality","",""
314,158,"NLD","Netherlands",9,"Noord-Holland",314,"Venhuizen","NL.NH.VN",NA,"","Gemeente","Municipality","",""
315,158,"NLD","Netherlands",9,"Noord-Holland",315,"Waterland","NL.NH.WA",NA,"","Gemeente","Municipality","",""
316,158,"NLD","Netherlands",9,"Noord-Holland",316,"Weesp","NL.NH.WS",NA,"","Gemeente","Municipality","",""
317,158,"NLD","Netherlands",9,"Noord-Holland",317,"Wervershoof","NL.NH.WV",NA,"","Gemeente","Municipality","",""
318,158,"NLD","Netherlands",9,"Noord-Holland",318,"Wester-Koggenland","NL.NH.WK",NA,"","Gemeente","Municipality","",""
319,158,"NLD","Netherlands",9,"Noord-Holland",319,"Wieringen","NL.NH.WR",NA,"","Gemeente","Municipality","",""
320,158,"NLD","Netherlands",9,"Noord-Holland",320,"Wieringermeer","NL.NH.WM",NA,"","Gemeente","Municipality","",""
321,158,"NLD","Netherlands",9,"Noord-Holland",321,"Wijdemeren","",NA,"","Gemeente","Municipality","",""
322,158,"NLD","Netherlands",9,"Noord-Holland",322,"Wognum","NL.NH.WG",NA,"","Gemeente","Municipality","",""
323,158,"NLD","Netherlands",9,"Noord-Holland",323,"Wormerland","NL.NH.WO",NA,"","Gemeente","Municipality","",""
324,158,"NLD","Netherlands",9,"Noord-Holland",324,"Zaanstad","NL.NH.ZS",NA,"","Gemeente","Municipality","",""
325,158,"NLD","Netherlands",9,"Noord-Holland",325,"Zandvoort","NL.NH.ZD",NA,"","Gemeente","Municipality","",""
326,158,"NLD","Netherlands",9,"Noord-Holland",326,"Zeevang","NL.NH.ZE",NA,"","Gemeente","Municipality","",""
327,158,"NLD","Netherlands",9,"Noord-Holland",327,"Zijpe","NL.NH.ZI",NA,"","Gemeente","Municipality","",""
328,158,"NLD","Netherlands",10,"Overijssel",328,"Almelo","NL.OV.AL",NA,"","Gemeente","Municipality","",""
329,158,"NLD","Netherlands",10,"Overijssel",329,"Bathmen","NL.OV.BA",NA,"","Gemeente","Municipality","",""
330,158,"NLD","Netherlands",10,"Overijssel",330,"Borne","NL.OV.BO",NA,"","Gemeente","Municipality","",""
331,158,"NLD","Netherlands",10,"Overijssel",331,"Dalfsen","NL.OV.DA",NA,"","Gemeente","Municipality","",""
332,158,"NLD","Netherlands",10,"Overijssel",332,"Deventer","NL.OV.DV",NA,"","Gemeente","Municipality","",""
333,158,"NLD","Netherlands",10,"Overijssel",333,"Dinkelland","NL.OV.DN",NA,"","Gemeente","Municipality","","Denekamp"
334,158,"NLD","Netherlands",10,"Overijssel",334,"Enschede","NL.OV.EN",NA,"","Gemeente","Municipality","",""
335,158,"NLD","Netherlands",10,"Overijssel",335,"Haaksbergen","NL.OV.HK",NA,"","Gemeente","Municipality","",""
336,158,"NLD","Netherlands",10,"Overijssel",336,"Hardenberg","NL.OV.HD",NA,"","Gemeente","Municipality","",""
337,158,"NLD","Netherlands",10,"Overijssel",337,"Hellendoorn","NL.OV.HL",NA,"","Gemeente","Municipality","",""
338,158,"NLD","Netherlands",10,"Overijssel",338,"Hengelo","NL.OV.HN",NA,"","Gemeente","Municipality","",""
339,158,"NLD","Netherlands",10,"Overijssel",339,"Hof van Twente","NL.OV.HT",NA,"","Gemeente","Municipality","",""
340,158,"NLD","Netherlands",10,"Overijssel",340,"Kampen","NL.OV.KA",NA,"","Gemeente","Municipality","",""
341,158,"NLD","Netherlands",10,"Overijssel",341,"Losser","NL.OV.LO",NA,"","Gemeente","Municipality","",""
342,158,"NLD","Netherlands",10,"Overijssel",342,"Oldenzaal","NL.OV.OZ",NA,"","Gemeente","Municipality","",""
343,158,"NLD","Netherlands",10,"Overijssel",343,"Olst-Wijhe","",NA,"","Gemeente","Municipality","","Olst"
344,158,"NLD","Netherlands",10,"Overijssel",344,"Ommen","NL.OV.OM",NA,"","Gemeente","Municipality","",""
345,158,"NLD","Netherlands",10,"Overijssel",345,"Raalte","NL.OV.RA",NA,"","Gemeente","Municipality","",""
346,158,"NLD","Netherlands",10,"Overijssel",346,"Rijssen","NL.OV.RI",NA,"","Gemeente","Municipality","",""
347,158,"NLD","Netherlands",10,"Overijssel",347,"Staphorst","NL.OV.SH",NA,"","Gemeente","Municipality","",""
348,158,"NLD","Netherlands",10,"Overijssel",348,"Steenwijkerland","NL.OV.SW",NA,"","Gemeente","Municipality","","Steenwijk"
349,158,"NLD","Netherlands",10,"Overijssel",349,"Tubbergen","NL.OV.TU",NA,"","Gemeente","Municipality","",""
350,158,"NLD","Netherlands",10,"Overijssel",350,"Twenterand","NL.OV.VR",NA,"","Gemeente","Municipality","","Vriezeveen"
351,158,"NLD","Netherlands",10,"Overijssel",351,"Wierden","NL.OV.WI",NA,"","Gemeente","Municipality","",""
352,158,"NLD","Netherlands",10,"Overijssel",352,"Zwartewaterland","NL.OV.ZW",NA,"","Gemeente","Municipality","",""
353,158,"NLD","Netherlands",10,"Overijssel",353,"Zwolle","NL.OV.ZL",NA,"","Gemeente","Municipality","",""
354,158,"NLD","Netherlands",11,"Utrecht",354,"Abcoude","NL.UT.AB",NA,"","Gemeente","Municipality","",""
355,158,"NLD","Netherlands",11,"Utrecht",355,"Amerongen","NL.UT.AN",NA,"","Gemeente","Municipality","",""
356,158,"NLD","Netherlands",11,"Utrecht",356,"Amersfoort","NL.UT.AF",NA,"","Gemeente","Municipality","",""
357,158,"NLD","Netherlands",11,"Utrecht",357,"Baarn","NL.UT.BA",NA,"","Gemeente","Municipality","",""
358,158,"NLD","Netherlands",11,"Utrecht",358,"Breukelen","NL.UT.BR",NA,"","Gemeente","Municipality","",""
359,158,"NLD","Netherlands",11,"Utrecht",359,"Bunnik","NL.UT.BK",NA,"","Gemeente","Municipality","",""
360,158,"NLD","Netherlands",11,"Utrecht",360,"Bunschoten","NL.UT.BS",NA,"","Gemeente","Municipality","",""
361,158,"NLD","Netherlands",11,"Utrecht",361,"De Bilt","NL.UT.DB",NA,"","Gemeente","Municipality","",""
362,158,"NLD","Netherlands",11,"Utrecht",362,"De Ronde Venen","NL.UT.DV",NA,"","Gemeente","Municipality","",""
363,158,"NLD","Netherlands",11,"Utrecht",363,"Doorn","NL.UT.DO",NA,"","Gemeente","Municipality","",""
364,158,"NLD","Netherlands",11,"Utrecht",364,"Driebergen-Rijsenburg","NL.UT.DR",NA,"","Gemeente","Municipality","",""
365,158,"NLD","Netherlands",11,"Utrecht",365,"Eemnes","NL.UT.EE",NA,"","Gemeente","Municipality","",""
366,158,"NLD","Netherlands",11,"Utrecht",366,"Houten","NL.UT.HO",NA,"","Gemeente","Municipality","",""
367,158,"NLD","Netherlands",11,"Utrecht",367,"IJsselstein","NL.UT.IJ",NA,"","Gemeente","Municipality","",""
368,158,"NLD","Netherlands",11,"Utrecht",368,"Leersum","NL.UT.LR",NA,"","Gemeente","Municipality","",""
369,158,"NLD","Netherlands",11,"Utrecht",369,"Leusden","NL.UT.LD",NA,"","Gemeente","Municipality","",""
370,158,"NLD","Netherlands",11,"Utrecht",370,"Loenen","NL.UT.LN",NA,"","Gemeente","Municipality","",""
371,158,"NLD","Netherlands",11,"Utrecht",371,"Lopik","NL.UT.LP",NA,"","Gemeente","Municipality","",""
372,158,"NLD","Netherlands",11,"Utrecht",372,"Maarn","NL.UT.MN",NA,"","Gemeente","Municipality","",""
373,158,"NLD","Netherlands",11,"Utrecht",373,"Maarssen","NL.UT.MS",NA,"","Gemeente","Municipality","",""
374,158,"NLD","Netherlands",11,"Utrecht",374,"Montfoort","NL.UT.MO",NA,"","Gemeente","Municipality","",""
375,158,"NLD","Netherlands",11,"Utrecht",375,"Nieuwegein","NL.UT.NI",NA,"","Gemeente","Municipality","",""
376,158,"NLD","Netherlands",11,"Utrecht",376,"Oudewater","NL.UT.OU",NA,"","Gemeente","Municipality","",""
377,158,"NLD","Netherlands",11,"Utrecht",377,"Renswoude","NL.UT.RE",NA,"","Gemeente","Municipality","",""
378,158,"NLD","Netherlands",11,"Utrecht",378,"Rhenen","NL.UT.RH",NA,"","Gemeente","Municipality","",""
379,158,"NLD","Netherlands",11,"Utrecht",379,"Soest","NL.UT.SO",NA,"","Gemeente","Municipality","",""
380,158,"NLD","Netherlands",11,"Utrecht",380,"Utrecht","NL.UT.UT",NA,"","Gemeente","Municipality","",""
381,158,"NLD","Netherlands",11,"Utrecht",381,"Veenendaal","NL.UT.VE",NA,"","Gemeente","Municipality","",""
382,158,"NLD","Netherlands",11,"Utrecht",382,"Vianen","",NA,"","Gemeente","Municipality","",""
383,158,"NLD","Netherlands",11,"Utrecht",383,"Wijk bij Duurstede","NL.UT.WD",NA,"","Gemeente","Municipality","",""
384,158,"NLD","Netherlands",11,"Utrecht",384,"Woerden","NL.UT.WR",NA,"","Gemeente","Municipality","",""
385,158,"NLD","Netherlands",11,"Utrecht",385,"Woudenberg","NL.UT.WB",NA,"","Gemeente","Municipality","",""
386,158,"NLD","Netherlands",11,"Utrecht",386,"Zeist","NL.UT.ZE",NA,"","Gemeente","Municipality","",""
387,158,"NLD","Netherlands",12,"Zeeland",387,"Borsele","NL.ZE.BO",NA,"","Gemeente","Municipality","",""
388,158,"NLD","Netherlands",12,"Zeeland",388,"Goes","NL.ZE.GO",NA,"","Gemeente","Municipality","",""
389,158,"NLD","Netherlands",12,"Zeeland",389,"Hulst","NL.ZE.HU",NA,"","Gemeente","Municipality","",""
390,158,"NLD","Netherlands",12,"Zeeland",390,"Kapelle","NL.ZE.KA",NA,"","Gemeente","Municipality","",""
391,158,"NLD","Netherlands",12,"Zeeland",391,"Middelburg","NL.ZE.MI",NA,"","Gemeente","Municipality","",""
392,158,"NLD","Netherlands",12,"Zeeland",392,"Noord-Beveland","NL.ZE.NB",NA,"","Gemeente","Municipality","",""
393,158,"NLD","Netherlands",12,"Zeeland",393,"Reimerswaal","NL.ZE.RE",NA,"","Gemeente","Municipality","",""
394,158,"NLD","Netherlands",12,"Zeeland",394,"Schouwen-Duiveland","NL.ZE.SD",NA,"","Gemeente","Municipality","",""
395,158,"NLD","Netherlands",12,"Zeeland",395,"Sluis","",NA,"","Gemeente","Municipality","",""
396,158,"NLD","Netherlands",12,"Zeeland",396,"Terneuzen","NL.ZE.TE",NA,"","Gemeente","Municipality","",""
397,158,"NLD","Netherlands",12,"Zeeland",397,"Tholen","NL.ZE.TH",NA,"","Gemeente","Municipality","",""
398,158,"NLD","Netherlands",12,"Zeeland",398,"Veere","NL.ZE.VE",NA,"","Gemeente","Municipality","",""
399,158,"NLD","Netherlands",12,"Zeeland",399,"Vlissingen","NL.ZE.VL",NA,"","Gemeente","Municipality","",""
400,158,"NLD","Netherlands",13,"Zeeuwse meren",400,"","",NA,"","Gemeente","Water body","",""
401,158,"NLD","Netherlands",14,"Zuid-Holland",401,"'s-Gravendeel","NL.ZH.SD",NA,"","Gemeente","Municipality","",""
402,158,"NLD","Netherlands",14,"Zuid-Holland",402,"'s-Gravenhage","",NA,"","Gemeente","Municipality","",""
403,158,"NLD","Netherlands",14,"Zuid-Holland",403,"'s-Gravenzande","NL.ZH.SZ",NA,"","Gemeente","Municipality","",""
404,158,"NLD","Netherlands",14,"Zuid-Holland",404,"Alblasserdam","NL.ZH.AS",NA,"","Gemeente","Municipality","",""
405,158,"NLD","Netherlands",14,"Zuid-Holland",405,"Albrandswaard","NL.ZH.AW",NA,"","Gemeente","Municipality","",""
406,158,"NLD","Netherlands",14,"Zuid-Holland",406,"Alkemade","NL.ZH.AK",NA,"","Gemeente","Municipality","",""
407,158,"NLD","Netherlands",14,"Zuid-Holland",407,"Alphen aan den Rijn","NL.ZH.AR",NA,"","Gemeente","Municipality","",""
408,158,"NLD","Netherlands",14,"Zuid-Holland",408,"Barendrecht","NL.ZH.BA",NA,"","Gemeente","Municipality","",""
409,158,"NLD","Netherlands",14,"Zuid-Holland",409,"Bergambacht","NL.ZH.BB",NA,"","Gemeente","Municipality","",""
410,158,"NLD","Netherlands",14,"Zuid-Holland",410,"Bergschenhoek","NL.ZH.BH",NA,"","Gemeente","Municipality","",""
411,158,"NLD","Netherlands",14,"Zuid-Holland",411,"Berkel en Rodenrijs","NL.ZH.BR",NA,"","Gemeente","Municipality","",""
412,158,"NLD","Netherlands",14,"Zuid-Holland",412,"Bernisse","NL.ZH.BE",NA,"","Gemeente","Municipality","",""
413,158,"NLD","Netherlands",14,"Zuid-Holland",413,"Binnenmaas","NL.ZH.BI",NA,"","Gemeente","Municipality","",""
414,158,"NLD","Netherlands",14,"Zuid-Holland",414,"Bleiswijk","NL.ZH.BW",NA,"","Gemeente","Municipality","",""
415,158,"NLD","Netherlands",14,"Zuid-Holland",415,"Bodegraven","NL.ZH.BG",NA,"","Gemeente","Municipality","",""
416,158,"NLD","Netherlands",14,"Zuid-Holland",416,"Boskoop","NL.ZH.BK",NA,"","Gemeente","Municipality","",""
417,158,"NLD","Netherlands",14,"Zuid-Holland",417,"Brielle","NL.ZH.BL",NA,"","Gemeente","Municipality","",""
418,158,"NLD","Netherlands",14,"Zuid-Holland",418,"Capelle aan den IJssel","NL.ZH.CI",NA,"","Gemeente","Municipality","",""
419,158,"NLD","Netherlands",14,"Zuid-Holland",419,"Cromstrijen","NL.ZH.CR",NA,"","Gemeente","Municipality","",""
420,158,"NLD","Netherlands",14,"Zuid-Holland",420,"De Lier","NL.ZH.DL",NA,"","Gemeente","Municipality","",""
421,158,"NLD","Netherlands",14,"Zuid-Holland",421,"Delft","NL.ZH.DE",NA,"","Gemeente","Municipality","",""
422,158,"NLD","Netherlands",14,"Zuid-Holland",422,"Dirksland","NL.ZH.DI",NA,"","Gemeente","Municipality","",""
423,158,"NLD","Netherlands",14,"Zuid-Holland",423,"Dordrecht","NL.ZH.DO",NA,"","Gemeente","Municipality","",""
424,158,"NLD","Netherlands",14,"Zuid-Holland",424,"Giessenlanden","NL.ZH.GI",NA,"","Gemeente","Municipality","",""
425,158,"NLD","Netherlands",14,"Zuid-Holland",425,"Goedereede","NL.ZH.GD",NA,"","Gemeente","Municipality","",""
426,158,"NLD","Netherlands",14,"Zuid-Holland",426,"Gorinchem","NL.ZH.GC",NA,"","Gemeente","Municipality","",""
427,158,"NLD","Netherlands",14,"Zuid-Holland",427,"Gouda","NL.ZH.GO",NA,"","Gemeente","Municipality","",""
428,158,"NLD","Netherlands",14,"Zuid-Holland",428,"Graafstroom","NL.ZH.GR",NA,"","Gemeente","Municipality","",""
429,158,"NLD","Netherlands",14,"Zuid-Holland",429,"Hardinxveld-Giessendam","NL.ZH.HG",NA,"","Gemeente","Municipality","",""
430,158,"NLD","Netherlands",14,"Zuid-Holland",430,"Hellevoetsluis","NL.ZH.HV",NA,"","Gemeente","Municipality","",""
431,158,"NLD","Netherlands",14,"Zuid-Holland",431,"Hendrik-Ido-Ambacht","NL.ZH.HI",NA,"","Gemeente","Municipality","",""
432,158,"NLD","Netherlands",14,"Zuid-Holland",432,"Hillegom","NL.ZH.HL",NA,"","Gemeente","Municipality","",""
433,158,"NLD","Netherlands",14,"Zuid-Holland",433,"Jacobswoude","NL.ZH.JA",NA,"","Gemeente","Municipality","",""
434,158,"NLD","Netherlands",14,"Zuid-Holland",434,"Katwijk","NL.ZH.KA",NA,"","Gemeente","Municipality","",""
435,158,"NLD","Netherlands",14,"Zuid-Holland",435,"Korendijk","NL.ZH.KO",NA,"","Gemeente","Municipality","",""
436,158,"NLD","Netherlands",14,"Zuid-Holland",436,"Krimpen aan den IJssel","NL.ZH.KI",NA,"","Gemeente","Municipality","",""
437,158,"NLD","Netherlands",14,"Zuid-Holland",437,"Leerdam","NL.ZH.LR",NA,"","Gemeente","Municipality","",""
438,158,"NLD","Netherlands",14,"Zuid-Holland",438,"Leiden","NL.ZH.LD",NA,"","Gemeente","Municipality","",""
439,158,"NLD","Netherlands",14,"Zuid-Holland",439,"Leiderdorp","NL.ZH.LP",NA,"","Gemeente","Municipality","",""
440,158,"NLD","Netherlands",14,"Zuid-Holland",440,"Leidschendam-Voorburg","",NA,"","Gemeente","Municipality","",""
441,158,"NLD","Netherlands",14,"Zuid-Holland",441,"Liemeer","NL.ZH.LM",NA,"","Gemeente","Municipality","",""
442,158,"NLD","Netherlands",14,"Zuid-Holland",442,"Liesveld","NL.ZH.LV",NA,"","Gemeente","Municipality","",""
443,158,"NLD","Netherlands",14,"Zuid-Holland",443,"Lisse","NL.ZH.LS",NA,"","Gemeente","Municipality","",""
444,158,"NLD","Netherlands",14,"Zuid-Holland",444,"Maasland","NL.ZH.ML",NA,"","Gemeente","Municipality","",""
445,158,"NLD","Netherlands",14,"Zuid-Holland",445,"Maassluis","NL.ZH.MS",NA,"","Gemeente","Municipality","",""
446,158,"NLD","Netherlands",14,"Zuid-Holland",446,"Middelharnis","NL.ZH.MI",NA,"","Gemeente","Municipality","",""
447,158,"NLD","Netherlands",14,"Zuid-Holland",447,"Monster","NL.ZH.MN",NA,"","Gemeente","Municipality","",""
448,158,"NLD","Netherlands",14,"Zuid-Holland",448,"Moordrecht","NL.ZH.MR",NA,"","Gemeente","Municipality","",""
449,158,"NLD","Netherlands",14,"Zuid-Holland",449,"Naaldwijk","NL.ZH.NA",NA,"","Gemeente","Municipality","",""
450,158,"NLD","Netherlands",14,"Zuid-Holland",450,"Nederlek","NL.ZH.NE",NA,"","Gemeente","Municipality","",""
451,158,"NLD","Netherlands",14,"Zuid-Holland",451,"Nieuw-Lekkerland","NL.ZH.NL",NA,"","Gemeente","Municipality","",""
452,158,"NLD","Netherlands",14,"Zuid-Holland",452,"Nieuwerkerk aan den IJssel","NL.ZH.NI",NA,"","Gemeente","Municipality","",""
453,158,"NLD","Netherlands",14,"Zuid-Holland",453,"Nieuwkoop","NL.ZH.NK",NA,"","Gemeente","Municipality","",""
454,158,"NLD","Netherlands",14,"Zuid-Holland",454,"Noordwijkerhout","NL.ZH.NH",NA,"","Gemeente","Municipality","",""
455,158,"NLD","Netherlands",14,"Zuid-Holland",455,"Noordwijk","NL.ZH.NW",NA,"","Gemeente","Municipality","",""
456,158,"NLD","Netherlands",14,"Zuid-Holland",456,"Oegstgeest","NL.ZH.OE",NA,"","Gemeente","Municipality","",""
457,158,"NLD","Netherlands",14,"Zuid-Holland",457,"Oostflakkee","NL.ZH.OO",NA,"","Gemeente","Municipality","",""
458,158,"NLD","Netherlands",14,"Zuid-Holland",458,"Oud-Beijerland","NL.ZH.OB",NA,"","Gemeente","Municipality","",""
459,158,"NLD","Netherlands",14,"Zuid-Holland",459,"Ouderkerk","NL.ZH.OU",NA,"","Gemeente","Municipality","",""
460,158,"NLD","Netherlands",14,"Zuid-Holland",460,"Papendrecht","NL.ZH.PA",NA,"","Gemeente","Municipality","",""
461,158,"NLD","Netherlands",14,"Zuid-Holland",461,"Pijnacker-Nootdorp","",NA,"","Gemeente","Municipality","",""
462,158,"NLD","Netherlands",14,"Zuid-Holland",462,"Reeuwijk","NL.ZH.RE",NA,"","Gemeente","Municipality","",""
463,158,"NLD","Netherlands",14,"Zuid-Holland",463,"Ridderkerk","NL.ZH.RK",NA,"","Gemeente","Municipality","",""
464,158,"NLD","Netherlands",14,"Zuid-Holland",464,"Rijnsburg","NL.ZH.RB",NA,"","Gemeente","Municipality","",""
465,158,"NLD","Netherlands",14,"Zuid-Holland",465,"Rijnwoude","NL.ZH.RW",NA,"","Gemeente","Municipality","",""
466,158,"NLD","Netherlands",14,"Zuid-Holland",466,"Rijswijk","NL.ZH.RJ",NA,"","Gemeente","Municipality","",""
467,158,"NLD","Netherlands",14,"Zuid-Holland",467,"Rotterdam","NL.ZH.RT",NA,"","Gemeente","Municipality","",""
468,158,"NLD","Netherlands",14,"Zuid-Holland",468,"Rozenburg","NL.ZH.RZ",NA,"","Gemeente","Municipality","",""
469,158,"NLD","Netherlands",14,"Zuid-Holland",469,"Sassenheim","NL.ZH.SS",NA,"","Gemeente","Municipality","",""
470,158,"NLD","Netherlands",14,"Zuid-Holland",470,"Schiedam","NL.ZH.SM",NA,"","Gemeente","Municipality","",""
471,158,"NLD","Netherlands",14,"Zuid-Holland",471,"Schipluiden","NL.ZH.SC",NA,"","Gemeente","Municipality","",""
472,158,"NLD","Netherlands",14,"Zuid-Holland",472,"Schoonhoven","NL.ZH.SH",NA,"","Gemeente","Municipality","",""
473,158,"NLD","Netherlands",14,"Zuid-Holland",473,"Sliedrecht","NL.ZH.SL",NA,"","Gemeente","Municipality","",""
474,158,"NLD","Netherlands",14,"Zuid-Holland",474,"Spijkenisse","NL.ZH.SP",NA,"","Gemeente","Municipality","",""
475,158,"NLD","Netherlands",14,"Zuid-Holland",475,"Strijen","NL.ZH.ST",NA,"","Gemeente","Municipality","",""
476,158,"NLD","Netherlands",14,"Zuid-Holland",476,"Ter Aar","NL.ZH.TA",NA,"","Gemeente","Municipality","",""
477,158,"NLD","Netherlands",14,"Zuid-Holland",477,"Valkenburg","NL.ZH.VA",NA,"","Gemeente","Municipality","",""
478,158,"NLD","Netherlands",14,"Zuid-Holland",478,"Vlaardingen","NL.ZH.VD",NA,"","Gemeente","Municipality","",""
479,158,"NLD","Netherlands",14,"Zuid-Holland",479,"Vlist","NL.ZH.VT",NA,"","Gemeente","Municipality","",""
480,158,"NLD","Netherlands",14,"Zuid-Holland",480,"Voorhout","NL.ZH.VH",NA,"","Gemeente","Municipality","",""
481,158,"NLD","Netherlands",14,"Zuid-Holland",481,"Voorschoten","NL.ZH.VS",NA,"","Gemeente","Municipality","",""
482,158,"NLD","Netherlands",14,"Zuid-Holland",482,"Waddinxveen","NL.ZH.WX",NA,"","Gemeente","Municipality","",""
483,158,"NLD","Netherlands",14,"Zuid-Holland",483,"Warmond","NL.ZH.WM",NA,"","Gemeente","Municipality","",""
484,158,"NLD","Netherlands",14,"Zuid-Holland",484,"Wassenaar","NL.ZH.WS",NA,"","Gemeente","Municipality","",""
485,158,"NLD","Netherlands",14,"Zuid-Holland",485,"Wateringen","NL.ZH.WT",NA,"","Gemeente","Municipality","",""
486,158,"NLD","Netherlands",14,"Zuid-Holland",486,"Westvoorne","NL.ZH.WE",NA,"","Gemeente","Municipality","",""
487,158,"NLD","Netherlands",14,"Zuid-Holland",487,"Zederik","NL.ZH.ZE",NA,"","Gemeente","Municipality","",""
488,158,"NLD","Netherlands",14,"Zuid-Holland",488,"Zevenhuizen-Moerkapelle","NL.ZH.ZM",NA,"","Gemeente","Municipality","",""
489,158,"NLD","Netherlands",14,"Zuid-Holland",489,"Zoetermeer","NL.ZH.ZR",NA,"","Gemeente","Municipality","",""
490,158,"NLD","Netherlands",14,"Zuid-Holland",490,"Zoeterwoude","NL.ZH.ZD",NA,"","Gemeente","Municipality","",""
491,158,"NLD","Netherlands",14,"Zuid-Holland",491,"Zwijndrecht","NL.ZH.ZW",NA,"","Gemeente","Municipality","",""
