Metropolitan areas,Year,GREEN_AREA_PC
Vienna,2000,255.17
Vienna,2001,252.68
Vienna,2002,250.22
Vienna,2003,247.77
Vienna,2004,245.34
Vienna,2005,242.92
Vienna,2006,240.53
Vienna,2007,238.15
Vienna,2008,235.79
Vienna,2009,233.44
Vienna,2010,231.12
Vienna,2011,228.81
Vienna,2012,226.52
Vienna,2013,224.24
Vienna,2014,221.99
Graz,2000,997.39
Graz,2001,988.23
Graz,2002,979.1
Graz,2003,969.96
Graz,2004,960.85
Graz,2005,951.75
Graz,2006,942.72
Graz,2007,933.67
Graz,2008,924.67
Graz,2009,915.69
Graz,2010,906.73
Graz,2011,897.83
Graz,2012,888.95
Graz,2013,880.11
Graz,2014,871.29
Linz,2000,1791.92
Linz,2001,1784.87
Linz,2002,1777.8
Linz,2003,1770.71
Linz,2004,1763.59
Linz,2005,1756.49
Linz,2006,1749.38
Linz,2007,1742.23
Linz,2008,1735.1
Linz,2009,1727.91
Linz,2010,1720.77
Linz,2011,1713.59
Linz,2012,1706.4
Linz,2013,1699.2
Linz,2014,1691.99
Australia,2000,
Australia,2001,
Australia,2002,
Australia,2003,
Australia,2004,
Australia,2005,
Australia,2006,
Australia,2007,
Australia,2008,
Australia,2009,
Australia,2010,
Australia,2011,
Australia,2012,
Australia,2013,
Australia,2014,
Sydney,2000,55.38
Sydney,2001,54.83
Sydney,2002,54.4
Sydney,2003,54.04
Sydney,2004,53.76
Sydney,2005,53.34
Sydney,2006,52.86
Sydney,2007,52.01
Sydney,2008,51.02
Sydney,2009,50.08
Sydney,2010,49.38
Sydney,2011,48.81
Sydney,2012,48.11
Sydney,2013,47.3
Sydney,2014,46.47
Melbourne,2000,44.0
Melbourne,2001,43.48
Melbourne,2002,42.92
Melbourne,2003,42.35
Melbourne,2004,41.79
Melbourne,2005,41.16
Melbourne,2006,40.47
Melbourne,2007,39.61
Melbourne,2008,38.71
Melbourne,2009,37.75
Melbourne,2010,37.07
Melbourne,2011,36.5
Melbourne,2012,35.79
Melbourne,2013,35.03
Melbourne,2014,34.27
Brisbane,2000,697.75
Brisbane,2001,683.82
Brisbane,2002,667.2
Brisbane,2003,650.37
Brisbane,2004,635.09
Brisbane,2005,620.55
Brisbane,2006,606.88
Brisbane,2007,591.19
Brisbane,2008,575.53
Brisbane,2009,559.87
Brisbane,2010,549.28
Brisbane,2011,539.28
Brisbane,2012,528.0
Brisbane,2013,517.91
Brisbane,2014,509.14
Perth,2000,54.6
Perth,2001,53.69
Perth,2002,52.99
Perth,2003,52.23
Perth,2004,51.4
Perth,2005,50.58
Perth,2006,49.55
Perth,2007,47.98
Perth,2008,46.43
Perth,2009,44.93
Perth,2010,43.87
Perth,2011,42.62
Perth,2012,41.02
Perth,2013,39.61
Perth,2014,38.66
Adelaide,2000,32.61
Adelaide,2001,32.35
Adelaide,2002,32.16
Adelaide,2003,31.96
Adelaide,2004,31.78
Adelaide,2005,31.55
Adelaide,2006,31.23
Adelaide,2007,30.84
Adelaide,2008,30.45
Adelaide,2009,30.02
Adelaide,2010,29.64
Adelaide,2011,29.38
Adelaide,2012,29.05
Adelaide,2013,28.76
Adelaide,2014,28.47
Gold Coast-Tweed Heads,2000,285.41
Gold Coast-Tweed Heads,2001,278.39
Gold Coast-Tweed Heads,2002,267.88
Gold Coast-Tweed Heads,2003,257.32
Gold Coast-Tweed Heads,2004,249.15
Gold Coast-Tweed Heads,2005,241.95
Gold Coast-Tweed Heads,2006,234.82
Gold Coast-Tweed Heads,2007,226.38
Gold Coast-Tweed Heads,2008,219.61
Gold Coast-Tweed Heads,2009,213.34
Gold Coast-Tweed Heads,2010,209.03
Gold Coast-Tweed Heads,2011,205.42
Gold Coast-Tweed Heads,2012,200.95
Gold Coast-Tweed Heads,2013,197.09
Gold Coast-Tweed Heads,2014,193.87
Austria,2000,
Austria,2001,
Austria,2002,
Austria,2003,
Austria,2004,
Austria,2005,
Austria,2006,
Austria,2007,
Austria,2008,
Austria,2009,
Austria,2010,
Austria,2011,
Austria,2012,
Austria,2013,
Austria,2014,
Brussels,2000,327.98
Brussels,2001,324.8
Brussels,2002,321.64
Brussels,2003,318.5
Brussels,2004,315.38
Brussels,2005,312.28
Brussels,2006,309.2
Brussels,2007,306.15
Brussels,2008,303.11
Brussels,2009,300.09
Brussels,2010,297.1
Brussels,2011,294.12
Brussels,2012,291.17
Brussels,2013,288.23
Brussels,2014,285.32
Antwerp,2000,335.61
Antwerp,2001,333.46
Antwerp,2002,331.33
Antwerp,2003,329.2
Antwerp,2004,327.08
Antwerp,2005,324.97
Antwerp,2006,322.86
Antwerp,2007,320.77
Antwerp,2008,318.68
Antwerp,2009,316.61
Antwerp,2010,314.53
Antwerp,2011,312.47
Antwerp,2012,310.42
Antwerp,2013,308.38
Antwerp,2014,306.34
Ghent,2000,795.6
Ghent,2001,790.37
Ghent,2002,785.17
Ghent,2003,779.98
Ghent,2004,774.83
Ghent,2005,769.7
Ghent,2006,764.59
Ghent,2007,759.52
Ghent,2008,754.47
Ghent,2009,749.45
Ghent,2010,744.44
Ghent,2011,739.47
Ghent,2012,734.53
Ghent,2013,729.61
Ghent,2014,724.71
Liege,2000,514.58
Liege,2001,512.3
Liege,2002,510.03
Liege,2003,507.76
Liege,2004,505.49
Liege,2005,503.23
Liege,2006,500.98
Liege,2007,498.72
Liege,2008,496.48
Liege,2009,494.24
Liege,2010,492.0
Liege,2011,489.77
Liege,2012,487.55
Liege,2013,485.33
Liege,2014,483.11
Belgium,2000,
Belgium,2001,
Belgium,2002,
Belgium,2003,
Belgium,2004,
Belgium,2005,
Belgium,2006,
Belgium,2007,
Belgium,2008,
Belgium,2009,
Belgium,2010,
Belgium,2011,
Belgium,2012,
Belgium,2013,
Belgium,2014,
Canada,2000,
Canada,2001,
Canada,2002,
Canada,2003,
Canada,2004,
Canada,2005,
Canada,2006,
Canada,2007,
Canada,2008,
Canada,2009,
Canada,2010,
Canada,2011,
Canada,2012,
Canada,2013,
Canada,2014,
Edmonton,2000,6660.62
Edmonton,2001,6515.75
Edmonton,2002,6391.95
Edmonton,2003,6270.37
Edmonton,2004,6150.94
Edmonton,2005,6033.67
Edmonton,2006,5918.52
Edmonton,2007,5772.26
Edmonton,2008,5629.3
Edmonton,2009,5489.56
Edmonton,2010,5352.97
Edmonton,2011,5219.49
Edmonton,2012,5103.99
Edmonton,2013,4990.86
Edmonton,2014,4880.08
Calgary,2000,1530.55
Calgary,2001,1490.89
Calgary,2002,1452.53
Calgary,2003,1415.1
Calgary,2004,1378.56
Calgary,2005,1342.89
Calgary,2006,1308.08
Calgary,2007,1273.36
Calgary,2008,1239.44
Calgary,2009,1206.31
Calgary,2010,1173.95
Calgary,2011,1142.34
Calgary,2012,1111.87
Calgary,2013,1082.14
Calgary,2014,1053.11
Winnipeg,2000,5082.78
Winnipeg,2001,5037.09
Winnipeg,2002,5007.42
Winnipeg,2003,4977.79
Winnipeg,2004,4948.21
Winnipeg,2005,4918.66
Winnipeg,2006,4889.14
Winnipeg,2007,4829.9
Winnipeg,2008,4771.18
Winnipeg,2009,4713.02
Winnipeg,2010,4655.38
Winnipeg,2011,4598.28
Winnipeg,2012,4556.14
Winnipeg,2013,4514.29
Winnipeg,2014,4472.74
Vancouver,2000,124.0
Vancouver,2001,122.03
Vancouver,2002,120.46
Vancouver,2003,118.91
Vancouver,2004,117.38
Vancouver,2005,115.86
Vancouver,2006,114.35
Vancouver,2007,112.14
Vancouver,2008,109.97
Vancouver,2009,107.83
Vancouver,2010,105.73
Vancouver,2011,103.66
Vancouver,2012,101.95
Vancouver,2013,100.26
Vancouver,2014,98.6
Quebec,2000,1886.12
Quebec,2001,1863.74
Quebec,2002,1849.13
Quebec,2003,1834.58
Quebec,2004,1820.09
Quebec,2005,1805.66
Quebec,2006,1791.28
Quebec,2007,1762.47
Quebec,2008,1733.98
Quebec,2009,1705.81
Quebec,2010,1677.97
Quebec,2011,1650.44
Quebec,2012,1630.11
Quebec,2013,1609.97
Quebec,2014,1590.0
Montreal,2000,847.75
Montreal,2001,837.79
Montreal,2002,828.58
Montreal,2003,819.39
Montreal,2004,810.2
Montreal,2005,801.01
Montreal,2006,791.84
Montreal,2007,781.48
Montreal,2008,771.17
Montreal,2009,760.93
Montreal,2010,750.74
Montreal,2011,740.61
Montreal,2012,731.14
Montreal,2013,721.72
Montreal,2014,712.34
Ottawa-Gatineau,2000,4746.3
Ottawa-Gatineau,2001,4676.91
Ottawa-Gatineau,2002,4626.72
Ottawa-Gatineau,2003,4576.86
Ottawa-Gatineau,2004,4527.34
Ottawa-Gatineau,2005,4478.14
Ottawa-Gatineau,2006,4429.28
Ottawa-Gatineau,2007,4347.05
Ottawa-Gatineau,2008,4266.22
Ottawa-Gatineau,2009,4186.77
Ottawa-Gatineau,2010,4108.65
Ottawa-Gatineau,2011,4031.9
Ottawa-Gatineau,2012,3972.05
Ottawa-Gatineau,2013,3912.99
Ottawa-Gatineau,2014,3854.73
Toronto,2000,1682.27
Toronto,2001,1654.19
Toronto,2002,1625.97
Toronto,2003,1597.58
Toronto,2004,1569.03
Toronto,2005,1540.32
Toronto,2006,1511.47
Toronto,2007,1484.44
Toronto,2008,1457.64
Toronto,2009,1431.05
Toronto,2010,1404.68
Toronto,2011,1378.52
Toronto,2012,1351.5
Toronto,2013,1324.59
Toronto,2014,1297.8
Hamilton,2000,3093.74
Hamilton,2001,3070.52
Hamilton,2002,3051.41
Hamilton,2003,3032.37
Hamilton,2004,3013.43
Hamilton,2005,2994.55
Hamilton,2006,2975.75
Hamilton,2007,2949.49
Hamilton,2008,2923.47
Hamilton,2009,2897.66
Hamilton,2010,2872.08
Hamilton,2011,2846.72
Hamilton,2012,2825.17
Hamilton,2013,2803.75
Hamilton,2014,2782.48
Zurich,2000,300.4
Zurich,2001,298.11
Zurich,2002,295.82
Zurich,2003,293.54
Zurich,2004,291.25
Zurich,2005,288.97
Zurich,2006,286.69
Zurich,2007,284.41
Zurich,2008,282.14
Zurich,2009,279.87
Zurich,2010,277.6
Zurich,2011,275.33
Zurich,2012,273.06
Zurich,2013,270.8
Zurich,2014,268.55
Geneva,2000,799.84
Geneva,2001,790.51
Geneva,2002,781.01
Geneva,2003,771.38
Geneva,2004,761.65
Geneva,2005,751.85
Geneva,2006,742.01
Geneva,2007,732.12
Geneva,2008,722.24
Geneva,2009,712.36
Geneva,2010,702.47
Geneva,2011,692.63
Geneva,2012,682.8
Geneva,2013,673.0
Geneva,2014,663.25
Basel,2000,389.58
Basel,2001,388.04
Basel,2002,386.49
Basel,2003,384.93
Basel,2004,383.36
Basel,2005,381.79
Basel,2006,380.21
Basel,2007,378.62
Basel,2008,377.03
Basel,2009,375.42
Basel,2010,373.81
Basel,2011,372.19
Basel,2012,370.56
Basel,2013,368.93
Basel,2014,367.29
Switzerland,2000,
Switzerland,2001,
Switzerland,2002,
Switzerland,2003,
Switzerland,2004,
Switzerland,2005,
Switzerland,2006,
Switzerland,2007,
Switzerland,2008,
Switzerland,2009,
Switzerland,2010,
Switzerland,2011,
Switzerland,2012,
Switzerland,2013,
Switzerland,2014,
Chile,2000,
Chile,2001,
Chile,2002,
Chile,2003,
Chile,2004,
Chile,2005,
Chile,2006,
Chile,2007,
Chile,2008,
Chile,2009,
Chile,2010,
Chile,2011,
Chile,2012,
Chile,2013,
Chile,2014,
Valparaíso,2000,4.11
Valparaíso,2001,4.05
Valparaíso,2002,4.0
Valparaíso,2003,3.95
Valparaíso,2004,3.9
Valparaíso,2005,3.85
Valparaíso,2006,3.79
Valparaíso,2007,3.75
Valparaíso,2008,3.7
Valparaíso,2009,3.65
Valparaíso,2010,3.6
Valparaíso,2011,3.55
Valparaíso,2012,3.5
Valparaíso,2013,3.46
Valparaíso,2014,3.41
Santiago,2000,20.02
Santiago,2001,19.86
Santiago,2002,19.69
Santiago,2003,19.53
Santiago,2004,19.35
Santiago,2005,19.18
Santiago,2006,19.0
Santiago,2007,18.82
Santiago,2008,18.64
Santiago,2009,18.45
Santiago,2010,18.26
Santiago,2011,18.07
Santiago,2012,17.88
Santiago,2013,17.68
Santiago,2014,17.48
Concepción,2000,7.23
Concepción,2001,7.19
Concepción,2002,7.15
Concepción,2003,7.11
Concepción,2004,7.06
Concepción,2005,7.02
Concepción,2006,6.97
Concepción,2007,6.93
Concepción,2008,6.88
Concepción,2009,6.83
Concepción,2010,6.78
Concepción,2011,6.73
Concepción,2012,6.68
Concepción,2013,6.62
Concepción,2014,6.57
Prague,2000,302.48
Prague,2001,299.9
Prague,2002,297.31
Prague,2003,294.69
Prague,2004,292.05
Prague,2005,289.39
Prague,2006,286.7
Prague,2007,283.99
Prague,2008,281.25
Prague,2009,278.48
Prague,2010,275.68
Prague,2011,272.84
Prague,2012,269.96
Prague,2013,267.03
Prague,2014,264.05
Brno,2000,455.52
Brno,2001,454.56
Brno,2002,453.57
Brno,2003,452.56
Brno,2004,451.53
Brno,2005,450.46
Brno,2006,449.38
Brno,2007,448.26
Brno,2008,447.12
Brno,2009,445.95
Brno,2010,444.75
Brno,2011,443.52
Brno,2012,442.27
Brno,2013,440.98
Brno,2014,439.66
Ostrava,2000,486.16
Ostrava,2001,486.95
Ostrava,2002,487.73
Ostrava,2003,488.51
Ostrava,2004,489.27
Ostrava,2005,490.03
Ostrava,2006,490.78
Ostrava,2007,491.52
Ostrava,2008,492.25
Ostrava,2009,492.97
Ostrava,2010,493.69
Ostrava,2011,494.39
Ostrava,2012,495.09
Ostrava,2013,495.77
Ostrava,2014,496.45
Czech Republic,2000,
Czech Republic,2001,
Czech Republic,2002,
Czech Republic,2003,
Czech Republic,2004,
Czech Republic,2005,
Czech Republic,2006,
Czech Republic,2007,
Czech Republic,2008,
Czech Republic,2009,
Czech Republic,2010,
Czech Republic,2011,
Czech Republic,2012,
Czech Republic,2013,
Czech Republic,2014,
Berlin,2000,209.26
Berlin,2001,209.1
Berlin,2002,208.93
Berlin,2003,208.75
Berlin,2004,208.56
Berlin,2005,208.35
Berlin,2006,208.14
Berlin,2007,207.91
Berlin,2008,207.68
Berlin,2009,207.43
Berlin,2010,207.17
Berlin,2011,206.89
Berlin,2012,206.61
Berlin,2013,206.31
Berlin,2014,206.0
Hamburg,2000,938.71
Hamburg,2001,937.06
Hamburg,2002,935.39
Hamburg,2003,933.7
Hamburg,2004,932.01
Hamburg,2005,930.29
Hamburg,2006,928.57
Hamburg,2007,926.82
Hamburg,2008,925.06
Hamburg,2009,923.28
Hamburg,2010,921.5
Hamburg,2011,919.69
Hamburg,2012,917.87
Hamburg,2013,916.04
Hamburg,2014,914.18
Munich,2000,623.21
Munich,2001,616.98
Munich,2002,610.8
Munich,2003,604.66
Munich,2004,598.56
Munich,2005,592.5
Munich,2006,586.49
Munich,2007,580.51
Munich,2008,574.58
Munich,2009,568.69
Munich,2010,562.84
Munich,2011,557.03
Munich,2012,551.27
Munich,2013,545.54
Munich,2014,539.85
Cologne,2000,73.24
Cologne,2001,73.04
Cologne,2002,72.83
Cologne,2003,72.63
Cologne,2004,72.42
Cologne,2005,72.21
Cologne,2006,72.01
Cologne,2007,71.8
Cologne,2008,71.59
Cologne,2009,71.38
Cologne,2010,71.17
Cologne,2011,70.96
Cologne,2012,70.75
Cologne,2013,70.54
Cologne,2014,70.32
Frankfurt,2000,102.21
Frankfurt,2001,102.07
Frankfurt,2002,101.93
Frankfurt,2003,101.79
Frankfurt,2004,101.65
Frankfurt,2005,101.51
Frankfurt,2006,101.37
Frankfurt,2007,101.22
Frankfurt,2008,101.07
Frankfurt,2009,100.92
Frankfurt,2010,100.77
Frankfurt,2011,100.62
Frankfurt,2012,100.47
Frankfurt,2013,100.31
Frankfurt,2014,100.16
Essen,2000,39.28
Essen,2001,39.49
Essen,2002,39.7
Essen,2003,39.91
Essen,2004,40.12
Essen,2005,40.33
Essen,2006,40.54
Essen,2007,40.75
Essen,2008,40.97
Essen,2009,41.18
Essen,2010,41.4
Essen,2011,41.62
Essen,2012,41.84
Essen,2013,42.06
Essen,2014,42.28
Stuttgart,2000,179.71
Stuttgart,2001,179.49
Stuttgart,2002,179.26
Stuttgart,2003,179.03
Stuttgart,2004,178.79
Stuttgart,2005,178.56
Stuttgart,2006,178.32
Stuttgart,2007,178.08
Stuttgart,2008,177.84
Stuttgart,2009,177.6
Stuttgart,2010,177.35
Stuttgart,2011,177.1
Stuttgart,2012,176.85
Stuttgart,2013,176.6
Stuttgart,2014,176.34
Leipzig,2000,353.33
Leipzig,2001,354.43
Leipzig,2002,355.5
Leipzig,2003,356.55
Leipzig,2004,357.57
Leipzig,2005,358.57
Leipzig,2006,359.54
Leipzig,2007,360.48
Leipzig,2008,361.39
Leipzig,2009,362.28
Leipzig,2010,363.14
Leipzig,2011,363.98
Leipzig,2012,364.79
Leipzig,2013,365.57
Leipzig,2014,366.33
Dresden,2000,528.44
Dresden,2001,527.24
Dresden,2002,525.99
Dresden,2003,524.71
Dresden,2004,523.39
Dresden,2005,522.03
Dresden,2006,520.64
Dresden,2007,519.21
Dresden,2008,517.75
Dresden,2009,516.25
Dresden,2010,514.72
Dresden,2011,513.16
Dresden,2012,511.57
Dresden,2013,509.94
Dresden,2014,508.28
Dortmund,2000,60.77
Dortmund,2001,61.13
Dortmund,2002,61.49
Dortmund,2003,61.85
Dortmund,2004,62.22
Dortmund,2005,62.58
Dortmund,2006,62.95
Dortmund,2007,63.31
Dortmund,2008,63.68
Dortmund,2009,64.05
Dortmund,2010,64.41
Dortmund,2011,64.78
Dortmund,2012,65.15
Dortmund,2013,65.52
Dortmund,2014,65.89
Düsseldorf,2000,53.71
Düsseldorf,2001,53.72
Düsseldorf,2002,53.74
Düsseldorf,2003,53.75
Düsseldorf,2004,53.76
Düsseldorf,2005,53.77
Düsseldorf,2006,53.78
Düsseldorf,2007,53.79
Düsseldorf,2008,53.8
Düsseldorf,2009,53.8
Düsseldorf,2010,53.81
Düsseldorf,2011,53.81
Düsseldorf,2012,53.82
Düsseldorf,2013,53.82
Düsseldorf,2014,53.82
Bremen,2000,1428.29
Bremen,2001,1427.88
Bremen,2002,1427.46
Bremen,2003,1427.05
Bremen,2004,1426.61
Bremen,2005,1426.16
Bremen,2006,1425.69
Bremen,2007,1425.21
Bremen,2008,1424.72
Bremen,2009,1424.22
Bremen,2010,1423.69
Bremen,2011,1423.15
Bremen,2012,1422.6
Bremen,2013,1422.03
Bremen,2014,1421.46
Hanover,2000,553.84
Hanover,2001,554.52
Hanover,2002,555.19
Hanover,2003,555.86
Hanover,2004,556.52
Hanover,2005,557.18
Hanover,2006,557.83
Hanover,2007,558.47
Hanover,2008,559.11
Hanover,2009,559.74
Hanover,2010,560.36
Hanover,2011,560.97
Hanover,2012,561.58
Hanover,2013,562.18
Hanover,2014,562.78
Nuremberg,2000,682.06
Nuremberg,2001,681.8
Nuremberg,2002,681.53
Nuremberg,2003,681.26
Nuremberg,2004,680.98
Nuremberg,2005,680.68
Nuremberg,2006,680.39
Nuremberg,2007,680.08
Nuremberg,2008,679.77
Nuremberg,2009,679.45
Nuremberg,2010,679.12
Nuremberg,2011,678.79
Nuremberg,2012,678.44
Nuremberg,2013,678.09
Nuremberg,2014,677.73
Bochum,2000,25.12
Bochum,2001,25.36
Bochum,2002,25.6
Bochum,2003,25.84
Bochum,2004,26.08
Bochum,2005,26.32
Bochum,2006,26.57
Bochum,2007,26.82
Bochum,2008,27.07
Bochum,2009,27.32
Bochum,2010,27.58
Bochum,2011,27.84
Bochum,2012,28.1
Bochum,2013,28.36
Bochum,2014,28.62
Freiburg im Breisgau,2000,615.8
Freiburg im Breisgau,2001,613.29
Freiburg im Breisgau,2002,610.77
Freiburg im Breisgau,2003,608.26
Freiburg im Breisgau,2004,605.76
Freiburg im Breisgau,2005,603.25
Freiburg im Breisgau,2006,600.75
Freiburg im Breisgau,2007,598.25
Freiburg im Breisgau,2008,595.76
Freiburg im Breisgau,2009,593.27
Freiburg im Breisgau,2010,590.78
Freiburg im Breisgau,2011,588.3
Freiburg im Breisgau,2012,585.82
Freiburg im Breisgau,2013,583.34
Freiburg im Breisgau,2014,580.87
Augsburg,2000,771.93
Augsburg,2001,769.45
Augsburg,2002,766.96
Augsburg,2003,764.47
Augsburg,2004,761.98
Augsburg,2005,759.48
Augsburg,2006,756.98
Augsburg,2007,754.47
Augsburg,2008,751.96
Augsburg,2009,749.44
Augsburg,2010,746.92
Augsburg,2011,744.39
Augsburg,2012,741.86
Augsburg,2013,739.33
Augsburg,2014,736.79
Bonn,2000,117.57
Bonn,2001,117.42
Bonn,2002,117.26
Bonn,2003,117.1
Bonn,2004,116.94
Bonn,2005,116.78
Bonn,2006,116.62
Bonn,2007,116.45
Bonn,2008,116.29
Bonn,2009,116.13
Bonn,2010,115.96
Bonn,2011,115.79
Bonn,2012,115.63
Bonn,2013,115.46
Bonn,2014,115.29
Karlsruhe,2000,229.24
Karlsruhe,2001,228.61
Karlsruhe,2002,227.97
Karlsruhe,2003,227.33
Karlsruhe,2004,226.68
Karlsruhe,2005,226.04
Karlsruhe,2006,225.4
Karlsruhe,2007,224.75
Karlsruhe,2008,224.1
Karlsruhe,2009,223.45
Karlsruhe,2010,222.8
Karlsruhe,2011,222.15
Karlsruhe,2012,221.5
Karlsruhe,2013,220.84
Karlsruhe,2014,220.19
Saarbrücken,2000,297.24
Saarbrücken,2001,299.64
Saarbrücken,2002,302.06
Saarbrücken,2003,304.5
Saarbrücken,2004,306.94
Saarbrücken,2005,309.41
Saarbrücken,2006,311.89
Saarbrücken,2007,314.38
Saarbrücken,2008,316.89
Saarbrücken,2009,319.41
Saarbrücken,2010,321.95
Saarbrücken,2011,324.5
Saarbrücken,2012,327.07
Saarbrücken,2013,329.66
Saarbrücken,2014,332.25
Duisburg,2000,118.76
Duisburg,2001,119.4
Duisburg,2002,120.04
Duisburg,2003,120.68
Duisburg,2004,121.33
Duisburg,2005,121.97
Duisburg,2006,122.63
Duisburg,2007,123.28
Duisburg,2008,123.94
Duisburg,2009,124.6
Duisburg,2010,125.27
Duisburg,2011,125.94
Duisburg,2012,126.61
Duisburg,2013,127.28
Duisburg,2014,127.96
Mannheim,2000,81.5
Mannheim,2001,81.69
Mannheim,2002,81.88
Mannheim,2003,82.07
Mannheim,2004,82.26
Mannheim,2005,82.45
Mannheim,2006,82.64
Mannheim,2007,82.82
Mannheim,2008,83.01
Mannheim,2009,83.19
Mannheim,2010,83.38
Mannheim,2011,83.56
Mannheim,2012,83.74
Mannheim,2013,83.92
Mannheim,2014,84.1
Münster,2000,976.61
Münster,2001,970.53
Münster,2002,964.45
Münster,2003,958.38
Münster,2004,952.32
Münster,2005,946.27
Münster,2006,940.24
Münster,2007,934.21
Münster,2008,928.19
Münster,2009,922.19
Münster,2010,916.2
Münster,2011,910.23
Münster,2012,904.26
Münster,2013,898.31
Münster,2014,892.37
Aachen,2000,242.74
Aachen,2001,243.26
Aachen,2002,243.77
Aachen,2003,244.27
Aachen,2004,244.76
Aachen,2005,245.24
Aachen,2006,245.7
Aachen,2007,246.16
Aachen,2008,246.6
Aachen,2009,247.03
Aachen,2010,247.45
Aachen,2011,247.86
Aachen,2012,248.25
Aachen,2013,248.63
Aachen,2014,249.0
Germany,2000,
Germany,2001,
Germany,2002,
Germany,2003,
Germany,2004,
Germany,2005,
Germany,2006,
Germany,2007,
Germany,2008,
Germany,2009,
Germany,2010,
Germany,2011,
Germany,2012,
Germany,2013,
Germany,2014,
Copenhagen,2000,399.4
Copenhagen,2001,397.76
Copenhagen,2002,396.11
Copenhagen,2003,394.46
Copenhagen,2004,392.81
Copenhagen,2005,391.16
Copenhagen,2006,389.5
Copenhagen,2007,387.84
Copenhagen,2008,386.18
Copenhagen,2009,384.52
Copenhagen,2010,382.85
Copenhagen,2011,381.18
Copenhagen,2012,379.52
Copenhagen,2013,377.85
Copenhagen,2014,376.18
Denmark,2000,
Denmark,2001,
Denmark,2002,
Denmark,2003,
Denmark,2004,
Denmark,2005,
Denmark,2006,
Denmark,2007,
Denmark,2008,
Denmark,2009,
Denmark,2010,
Denmark,2011,
Denmark,2012,
Denmark,2013,
Denmark,2014,
Tallinn,2000,1466.52
Tallinn,2001,1466.75
Tallinn,2002,1466.96
Tallinn,2003,1467.17
Tallinn,2004,1467.38
Tallinn,2005,1467.58
Tallinn,2006,1467.77
Tallinn,2007,1467.97
Tallinn,2008,1468.15
Tallinn,2009,1468.33
Tallinn,2010,1468.51
Tallinn,2011,1468.68
Tallinn,2012,1468.84
Tallinn,2013,1469.0
Tallinn,2014,1469.15
Madrid,2000,31.5
Madrid,2001,31.0
Madrid,2002,30.49
Madrid,2003,29.98
Madrid,2004,29.47
Madrid,2005,28.95
Madrid,2006,28.44
Madrid,2007,27.92
Madrid,2008,27.4
Madrid,2009,26.88
Madrid,2010,26.36
Madrid,2011,25.83
Madrid,2012,25.3
Madrid,2013,24.76
Madrid,2014,24.23
Barcelona,2000,2.67
Barcelona,2001,2.64
Barcelona,2002,2.61
Barcelona,2003,2.58
Barcelona,2004,2.56
Barcelona,2005,2.53
Barcelona,2006,2.5
Barcelona,2007,2.48
Barcelona,2008,2.45
Barcelona,2009,2.42
Barcelona,2010,2.39
Barcelona,2011,2.37
Barcelona,2012,2.34
Barcelona,2013,2.31
Barcelona,2014,2.29
Valencia,2000,17.46
Valencia,2001,17.23
Valencia,2002,16.99
Valencia,2003,16.76
Valencia,2004,16.53
Valencia,2005,16.3
Valencia,2006,16.07
Valencia,2007,15.85
Valencia,2008,15.62
Valencia,2009,15.4
Valencia,2010,15.17
Valencia,2011,14.95
Valencia,2012,14.73
Valencia,2013,14.5
Valencia,2014,14.28
Seville,2000,15.68
Seville,2001,15.5
Seville,2002,15.33
Seville,2003,15.15
Seville,2004,14.98
Seville,2005,14.8
Seville,2006,14.62
Seville,2007,14.44
Seville,2008,14.26
Seville,2009,14.08
Seville,2010,13.9
Seville,2011,13.71
Seville,2012,13.53
Seville,2013,13.35
Seville,2014,13.16
Zaragoza,2000,64.15
Zaragoza,2001,63.4
Zaragoza,2002,62.66
Zaragoza,2003,61.91
Zaragoza,2004,61.15
Zaragoza,2005,60.38
Zaragoza,2006,59.61
Zaragoza,2007,58.83
Zaragoza,2008,58.03
Zaragoza,2009,57.22
Zaragoza,2010,56.4
Zaragoza,2011,55.57
Zaragoza,2012,54.71
Zaragoza,2013,53.84
Zaragoza,2014,52.95
Málaga,2000,32.71
Málaga,2001,32.22
Málaga,2002,31.74
Málaga,2003,31.25
Málaga,2004,30.76
Málaga,2005,30.27
Málaga,2006,29.77
Málaga,2007,29.28
Málaga,2008,28.79
Málaga,2009,28.29
Málaga,2010,27.8
Málaga,2011,27.3
Málaga,2012,26.8
Málaga,2013,26.31
Málaga,2014,25.81
Las Palmas,2000,91.15
Las Palmas,2001,90.35
Las Palmas,2002,89.56
Las Palmas,2003,88.77
Las Palmas,2004,87.98
Las Palmas,2005,87.2
Las Palmas,2006,86.43
Las Palmas,2007,85.66
Las Palmas,2008,84.9
Las Palmas,2009,84.14
Las Palmas,2010,83.39
Las Palmas,2011,82.65
Las Palmas,2012,81.91
Las Palmas,2013,81.17
Las Palmas,2014,80.44
Bilbao,2000,218.08
Bilbao,2001,217.46
Bilbao,2002,216.81
Bilbao,2003,216.14
Bilbao,2004,215.46
Bilbao,2005,214.75
Bilbao,2006,214.03
Bilbao,2007,213.29
Bilbao,2008,212.52
Bilbao,2009,211.74
Bilbao,2010,210.93
Bilbao,2011,210.11
Bilbao,2012,209.26
Bilbao,2013,208.39
Bilbao,2014,207.5
Spain,2000,
Spain,2001,
Spain,2002,
Spain,2003,
Spain,2004,
Spain,2005,
Spain,2006,
Spain,2007,
Spain,2008,
Spain,2009,
Spain,2010,
Spain,2011,
Spain,2012,
Spain,2013,
Spain,2014,
Estonia,2000,
Estonia,2001,
Estonia,2002,
Estonia,2003,
Estonia,2004,
Estonia,2005,
Estonia,2006,
Estonia,2007,
Estonia,2008,
Estonia,2009,
Estonia,2010,
Estonia,2011,
Estonia,2012,
Estonia,2013,
Estonia,2014,
Helsinki,2000,85.45
Helsinki,2001,84.86
Helsinki,2002,84.27
Helsinki,2003,83.68
Helsinki,2004,83.09
Helsinki,2005,82.51
Helsinki,2006,81.93
Helsinki,2007,81.35
Helsinki,2008,80.77
Helsinki,2009,80.2
Helsinki,2010,79.63
Helsinki,2011,79.06
Helsinki,2012,78.5
Helsinki,2013,77.94
Helsinki,2014,77.38
Finland,2000,
Finland,2001,
Finland,2002,
Finland,2003,
Finland,2004,
Finland,2005,
Finland,2006,
Finland,2007,
Finland,2008,
Finland,2009,
Finland,2010,
Finland,2011,
Finland,2012,
Finland,2013,
Finland,2014,
Paris,2000,97.99
Paris,2001,97.35
Paris,2002,96.71
Paris,2003,96.07
Paris,2004,95.43
Paris,2005,94.78
Paris,2006,94.14
Paris,2007,93.49
Paris,2008,92.85
Paris,2009,92.2
Paris,2010,91.55
Paris,2011,90.9
Paris,2012,90.24
Paris,2013,89.59
Paris,2014,88.93
Lyon,2000,529.89
Lyon,2001,525.63
Lyon,2002,521.38
Lyon,2003,517.15
Lyon,2004,512.92
Lyon,2005,508.72
Lyon,2006,504.53
Lyon,2007,500.34
Lyon,2008,496.18
Lyon,2009,492.03
Lyon,2010,487.9
Lyon,2011,483.78
Lyon,2012,479.67
Lyon,2013,475.58
Lyon,2014,471.5
Toulouse,2000,212.58
Toulouse,2001,209.14
Toulouse,2002,205.73
Toulouse,2003,202.34
Toulouse,2004,198.97
Toulouse,2005,195.64
Toulouse,2006,192.32
Toulouse,2007,189.04
Toulouse,2008,185.78
Toulouse,2009,182.54
Toulouse,2010,179.34
Toulouse,2011,176.15
Toulouse,2012,172.99
Toulouse,2013,169.86
Toulouse,2014,166.76
Strasbourg,2000,381.86
Strasbourg,2001,379.81
Strasbourg,2002,377.77
Strasbourg,2003,375.72
Strasbourg,2004,373.67
Strasbourg,2005,371.62
Strasbourg,2006,369.56
Strasbourg,2007,367.49
Strasbourg,2008,365.43
Strasbourg,2009,363.36
Strasbourg,2010,361.29
Strasbourg,2011,359.22
Strasbourg,2012,357.14
Strasbourg,2013,355.06
Strasbourg,2014,352.98
Bordeaux,2000,1472.11
Bordeaux,2001,1456.61
Bordeaux,2002,1441.14
Bordeaux,2003,1425.74
Bordeaux,2004,1410.33
Bordeaux,2005,1394.98
Bordeaux,2006,1379.67
Bordeaux,2007,1364.38
Bordeaux,2008,1349.14
Bordeaux,2009,1333.93
Bordeaux,2010,1318.77
Bordeaux,2011,1303.65
Bordeaux,2012,1288.56
Bordeaux,2013,1273.52
Bordeaux,2014,1258.52
Nantes,2000,658.58
Nantes,2001,651.99
Nantes,2002,645.39
Nantes,2003,638.79
Nantes,2004,632.19
Nantes,2005,625.59
Nantes,2006,618.99
Nantes,2007,612.4
Nantes,2008,605.8
Nantes,2009,599.21
Nantes,2010,592.62
Nantes,2011,586.04
Nantes,2012,579.45
Nantes,2013,572.87
Nantes,2014,566.3
Lille,2000,42.05
Lille,2001,41.95
Lille,2002,41.85
Lille,2003,41.76
Lille,2004,41.66
Lille,2005,41.56
Lille,2006,41.46
Lille,2007,41.36
Lille,2008,41.26
Lille,2009,41.15
Lille,2010,41.05
Lille,2011,40.94
Lille,2012,40.84
Lille,2013,40.73
Lille,2014,40.62
Montpellier,2000,232.63
Montpellier,2001,229.52
Montpellier,2002,226.45
Montpellier,2003,223.4
Montpellier,2004,220.38
Montpellier,2005,217.4
Montpellier,2006,214.43
Montpellier,2007,211.5
Montpellier,2008,208.6
Montpellier,2009,205.72
Montpellier,2010,202.88
Montpellier,2011,200.06
Montpellier,2012,197.27
Montpellier,2013,194.5
Montpellier,2014,191.76
Saint-Étienne,2000,1133.51
Saint-Étienne,2001,1132.12
Saint-Étienne,2002,1130.64
Saint-Étienne,2003,1129.08
Saint-Étienne,2004,1127.4
Saint-Étienne,2005,1125.62
Saint-Étienne,2006,1123.75
Saint-Étienne,2007,1121.77
Saint-Étienne,2008,1119.68
Saint-Étienne,2009,1117.5
Saint-Étienne,2010,1115.21
Saint-Étienne,2011,1112.8
Saint-Étienne,2012,1110.31
Saint-Étienne,2013,1107.69
Saint-Étienne,2014,1104.98
Rennes,2000,580.73
Rennes,2001,573.13
Rennes,2002,565.57
Rennes,2003,557.99
Rennes,2004,550.43
Rennes,2005,542.89
Rennes,2006,535.35
Rennes,2007,527.83
Rennes,2008,520.34
Rennes,2009,512.86
Rennes,2010,505.4
Rennes,2011,497.96
Rennes,2012,490.53
Rennes,2013,483.14
Rennes,2014,475.77
Grenoble,2000,1159.16
Grenoble,2001,1153.89
Grenoble,2002,1148.59
Grenoble,2003,1143.24
Grenoble,2004,1137.84
Grenoble,2005,1132.41
Grenoble,2006,1126.93
Grenoble,2007,1121.39
Grenoble,2008,1115.82
Grenoble,2009,1110.21
Grenoble,2010,1104.56
Grenoble,2011,1098.87
Grenoble,2012,1093.13
Grenoble,2013,1087.34
Grenoble,2014,1081.53
Toulon,2000,14.53
Toulon,2001,14.45
Toulon,2002,14.37
Toulon,2003,14.29
Toulon,2004,14.21
Toulon,2005,14.13
Toulon,2006,14.05
Toulon,2007,13.96
Toulon,2008,13.88
Toulon,2009,13.8
Toulon,2010,13.72
Toulon,2011,13.63
Toulon,2012,13.55
Toulon,2013,13.47
Toulon,2014,13.38
Marseille,2000,51.49
Marseille,2001,51.13
Marseille,2002,50.78
Marseille,2003,50.43
Marseille,2004,50.08
Marseille,2005,49.73
Marseille,2006,49.38
Marseille,2007,49.03
Marseille,2008,48.68
Marseille,2009,48.33
Marseille,2010,47.99
Marseille,2011,47.64
Marseille,2012,47.29
Marseille,2013,46.95
Marseille,2014,46.6
Nice,2000,244.39
Nice,2001,243.11
Nice,2002,241.83
Nice,2003,240.54
Nice,2004,239.25
Nice,2005,237.95
Nice,2006,236.65
Nice,2007,235.33
Nice,2008,234.02
Nice,2009,232.7
Nice,2010,231.37
Nice,2011,230.04
Nice,2012,228.71
Nice,2013,227.37
Nice,2014,226.02
Rouen,2000,698.89
Rouen,2001,696.43
Rouen,2002,693.9
Rouen,2003,691.31
Rouen,2004,688.64
Rouen,2005,685.89
Rouen,2006,683.08
Rouen,2007,680.16
Rouen,2008,677.19
Rouen,2009,674.12
Rouen,2010,670.98
Rouen,2011,667.76
Rouen,2012,664.45
Rouen,2013,661.06
Rouen,2014,657.58
France,2000,
France,2001,
France,2002,
France,2003,
France,2004,
France,2005,
France,2006,
France,2007,
France,2008,
France,2009,
France,2010,
France,2011,
France,2012,
France,2013,
France,2014,
United Kingdom,2000,
United Kingdom,2001,
United Kingdom,2002,
United Kingdom,2003,
United Kingdom,2004,
United Kingdom,2005,
United Kingdom,2006,
United Kingdom,2007,
United Kingdom,2008,
United Kingdom,2009,
United Kingdom,2010,
United Kingdom,2011,
United Kingdom,2012,
United Kingdom,2013,
United Kingdom,2014,
Athens,2000,0.93
Athens,2001,0.94
Athens,2002,0.94
Athens,2003,0.94
Athens,2004,0.95
Athens,2005,0.95
Athens,2006,0.95
Athens,2007,0.96
Athens,2008,0.96
Athens,2009,0.96
Athens,2010,0.96
Athens,2011,0.97
Athens,2012,0.97
Athens,2013,0.97
Athens,2014,0.97
Thessalonica,2000,42.33
Thessalonica,2001,42.38
Thessalonica,2002,42.41
Thessalonica,2003,42.42
Thessalonica,2004,42.4
Thessalonica,2005,42.37
Thessalonica,2006,42.32
Thessalonica,2007,42.25
Thessalonica,2008,42.15
Thessalonica,2009,42.04
Thessalonica,2010,41.9
Thessalonica,2011,41.75
Thessalonica,2012,41.57
Thessalonica,2013,41.37
Thessalonica,2014,41.15
Greece,2000,
Greece,2001,
Greece,2002,
Greece,2003,
Greece,2004,
Greece,2005,
Greece,2006,
Greece,2007,
Greece,2008,
Greece,2009,
Greece,2010,
Greece,2011,
Greece,2012,
Greece,2013,
Greece,2014,
Budapest,2000,426.06
Budapest,2001,425.34
Budapest,2002,424.58
Budapest,2003,423.78
Budapest,2004,422.94
Budapest,2005,422.06
Budapest,2006,421.13
Budapest,2007,420.17
Budapest,2008,419.17
Budapest,2009,418.12
Budapest,2010,417.03
Budapest,2011,415.9
Budapest,2012,414.72
Budapest,2013,413.5
Budapest,2014,412.23
Hungary,2000,
Hungary,2001,
Hungary,2002,
Hungary,2003,
Hungary,2004,
Hungary,2005,
Hungary,2006,
Hungary,2007,
Hungary,2008,
Hungary,2009,
Hungary,2010,
Hungary,2011,
Hungary,2012,
Hungary,2013,
Hungary,2014,
Dublin,2000,26.14
Dublin,2001,25.76
Dublin,2002,25.37
Dublin,2003,24.96
Dublin,2004,24.54
Dublin,2005,24.11
Dublin,2006,23.66
Dublin,2007,23.2
Dublin,2008,22.72
Dublin,2009,22.23
Dublin,2010,21.72
Dublin,2011,21.2
Dublin,2012,20.66
Dublin,2013,20.1
Dublin,2014,19.52
Ireland,2000,
Ireland,2001,
Ireland,2002,
Ireland,2003,
Ireland,2004,
Ireland,2005,
Ireland,2006,
Ireland,2007,
Ireland,2008,
Ireland,2009,
Ireland,2010,
Ireland,2011,
Ireland,2012,
Ireland,2013,
Ireland,2014,
Rome,2000,251.93
Rome,2001,250.04
Rome,2002,248.15
Rome,2003,246.25
Rome,2004,244.34
Rome,2005,242.42
Rome,2006,240.49
Rome,2007,238.56
Rome,2008,236.61
Rome,2009,234.66
Rome,2010,232.7
Rome,2011,230.73
Rome,2012,228.76
Rome,2013,226.77
Rome,2014,224.78
Milan,2000,24.21
Milan,2001,24.09
Milan,2002,23.97
Milan,2003,23.85
Milan,2004,23.72
Milan,2005,23.59
Milan,2006,23.47
Milan,2007,23.34
Milan,2008,23.21
Milan,2009,23.08
Milan,2010,22.94
Milan,2011,22.81
Milan,2012,22.67
Milan,2013,22.53
Milan,2014,22.4
Naples,2000,13.11
Naples,2001,13.1
Naples,2002,13.09
Naples,2003,13.08
Naples,2004,13.07
Naples,2005,13.06
Naples,2006,13.05
Naples,2007,13.04
Naples,2008,13.02
Naples,2009,13.01
Naples,2010,12.99
Naples,2011,12.97
Naples,2012,12.96
Naples,2013,12.94
Naples,2014,12.92
Turin,2000,251.18
Turin,2001,250.34
Turin,2002,249.49
Turin,2003,248.63
Turin,2004,247.77
Turin,2005,246.9
Turin,2006,246.03
Turin,2007,245.15
Turin,2008,244.26
Turin,2009,243.37
Turin,2010,242.47
Turin,2011,241.56
Turin,2012,240.64
Turin,2013,239.72
Turin,2014,238.79
Palermo,2000,44.95
Palermo,2001,44.95
Palermo,2002,44.94
Palermo,2003,44.92
Palermo,2004,44.91
Palermo,2005,44.89
Palermo,2006,44.86
Palermo,2007,44.83
Palermo,2008,44.8
Palermo,2009,44.76
Palermo,2010,44.72
Palermo,2011,44.68
Palermo,2012,44.63
Palermo,2013,44.58
Palermo,2014,44.52
Genova,2000,322.36
Genova,2001,323.39
Genova,2002,324.42
Genova,2003,325.46
Genova,2004,326.49
Genova,2005,327.52
Genova,2006,328.56
Genova,2007,329.59
Genova,2008,330.63
Genova,2009,331.67
Genova,2010,332.71
Genova,2011,333.74
Genova,2012,334.78
Genova,2013,335.82
Genova,2014,336.86
Florence,2000,523.05
Florence,2001,521.48
Florence,2002,519.9
Florence,2003,518.31
Florence,2004,516.71
Florence,2005,515.11
Florence,2006,513.5
Florence,2007,511.89
Florence,2008,510.26
Florence,2009,508.63
Florence,2010,506.99
Florence,2011,505.34
Florence,2012,503.69
Florence,2013,502.03
Florence,2014,500.36
Bari,2000,0.76
Bari,2001,0.76
Bari,2002,0.76
Bari,2003,0.76
Bari,2004,0.75
Bari,2005,0.75
Bari,2006,0.75
Bari,2007,0.75
Bari,2008,0.75
Bari,2009,0.74
Bari,2010,0.74
Bari,2011,0.74
Bari,2012,0.74
Bari,2013,0.74
Bari,2014,0.74
Bologna,2000,199.52
Bologna,2001,198.42
Bologna,2002,197.32
Bologna,2003,196.22
Bologna,2004,195.11
Bologna,2005,194.0
Bologna,2006,192.88
Bologna,2007,191.76
Bologna,2008,190.64
Bologna,2009,189.51
Bologna,2010,188.37
Bologna,2011,187.24
Bologna,2012,186.09
Bologna,2013,184.95
Bologna,2014,183.8
Catania,2000,36.18
Catania,2001,36.13
Catania,2002,36.07
Catania,2003,36.01
Catania,2004,35.94
Catania,2005,35.87
Catania,2006,35.79
Catania,2007,35.71
Catania,2008,35.63
Catania,2009,35.55
Catania,2010,35.45
Catania,2011,35.36
Catania,2012,35.26
Catania,2013,35.16
Catania,2014,35.05
Venice,2000,1.2
Venice,2001,1.2
Venice,2002,1.2
Venice,2003,1.2
Venice,2004,1.2
Venice,2005,1.2
Venice,2006,1.2
Venice,2007,1.19
Venice,2008,1.19
Venice,2009,1.19
Venice,2010,1.19
Venice,2011,1.19
Venice,2012,1.18
Venice,2013,1.18
Venice,2014,1.18
Italy,2000,
Italy,2001,
Italy,2002,
Italy,2003,
Italy,2004,
Italy,2005,
Italy,2006,
Italy,2007,
Italy,2008,
Italy,2009,
Italy,2010,
Italy,2011,
Italy,2012,
Italy,2013,
Italy,2014,
Sapporo,2000,176.6
Sapporo,2001,175.58
Sapporo,2002,174.56
Sapporo,2003,173.54
Sapporo,2004,172.51
Sapporo,2005,171.48
Sapporo,2006,171.06
Sapporo,2007,170.63
Sapporo,2008,170.19
Sapporo,2009,169.75
Sapporo,2010,169.3
Sapporo,2011,168.55
Sapporo,2012,167.8
Sapporo,2013,167.05
Sapporo,2014,166.29
Sendai,2000,25.61
Sendai,2001,25.53
Sendai,2002,25.44
Sendai,2003,25.35
Sendai,2004,25.26
Sendai,2005,25.18
Sendai,2006,25.1
Sendai,2007,25.02
Sendai,2008,24.94
Sendai,2009,24.86
Sendai,2010,24.78
Sendai,2011,24.69
Sendai,2012,24.6
Sendai,2013,24.52
Sendai,2014,24.43
Niigata,2000,161.63
Niigata,2001,161.62
Niigata,2002,161.62
Niigata,2003,161.62
Niigata,2004,161.61
Niigata,2005,161.61
Niigata,2006,161.91
Niigata,2007,162.21
Niigata,2008,162.51
Niigata,2009,162.8
Niigata,2010,163.1
Niigata,2011,163.24
Niigata,2012,163.38
Niigata,2013,163.52
Niigata,2014,163.66
Toyama,2000,332.25
Toyama,2001,332.03
Toyama,2002,331.8
Toyama,2003,331.57
Toyama,2004,331.34
Toyama,2005,331.11
Toyama,2006,331.2
Toyama,2007,331.3
Toyama,2008,331.39
Toyama,2009,331.48
Toyama,2010,331.57
Toyama,2011,331.49
Toyama,2012,331.4
Toyama,2013,331.32
Toyama,2014,331.23
Nagano,2000,246.11
Nagano,2001,246.46
Nagano,2002,246.8
Nagano,2003,247.13
Nagano,2004,247.47
Nagano,2005,247.81
Nagano,2006,248.79
Nagano,2007,249.77
Nagano,2008,250.75
Nagano,2009,251.73
Nagano,2010,252.72
Nagano,2011,253.37
Nagano,2012,254.02
Nagano,2013,254.68
Nagano,2014,255.33
Kanazawa,2000,130.21
Kanazawa,2001,130.04
Kanazawa,2002,129.86
Kanazawa,2003,129.68
Kanazawa,2004,129.5
Kanazawa,2005,129.31
Kanazawa,2006,128.85
Kanazawa,2007,128.39
Kanazawa,2008,127.93
Kanazawa,2009,127.47
Kanazawa,2010,127.01
Kanazawa,2011,126.68
Kanazawa,2012,126.35
Kanazawa,2013,126.02
Kanazawa,2014,125.69
Utsunomiya,2000,93.99
Utsunomiya,2001,93.51
Utsunomiya,2002,93.03
Utsunomiya,2003,92.56
Utsunomiya,2004,92.08
Utsunomiya,2005,91.61
Utsunomiya,2006,91.37
Utsunomiya,2007,91.14
Utsunomiya,2008,90.9
Utsunomiya,2009,90.66
Utsunomiya,2010,90.42
Utsunomiya,2011,90.07
Utsunomiya,2012,89.71
Utsunomiya,2013,89.36
Utsunomiya,2014,89.0
Maebashi,2000,38.59
Maebashi,2001,38.56
Maebashi,2002,38.52
Maebashi,2003,38.49
Maebashi,2004,38.45
Maebashi,2005,38.41
Maebashi,2006,38.41
Maebashi,2007,38.4
Maebashi,2008,38.39
Maebashi,2009,38.39
Maebashi,2010,38.38
Maebashi,2011,38.35
Maebashi,2012,38.32
Maebashi,2013,38.29
Maebashi,2014,38.27
Mito,2000,70.8
Mito,2001,70.76
Mito,2002,70.73
Mito,2003,70.69
Mito,2004,70.65
Mito,2005,70.61
Mito,2006,70.46
Mito,2007,70.3
Mito,2008,70.14
Mito,2009,69.99
Mito,2010,69.83
Mito,2011,69.73
Mito,2012,69.62
Mito,2013,69.52
Mito,2014,69.42
Tokyo,2000,4.99
Tokyo,2001,4.97
Tokyo,2002,4.94
Tokyo,2003,4.91
Tokyo,2004,4.88
Tokyo,2005,4.85
Tokyo,2006,4.82
Tokyo,2007,4.78
Tokyo,2008,4.75
Tokyo,2009,4.72
Tokyo,2010,4.68
Tokyo,2011,4.65
Tokyo,2012,4.62
Tokyo,2013,4.59
Tokyo,2014,4.56
Kofu,2000,37.3
Kofu,2001,37.23
Kofu,2002,37.15
Kofu,2003,37.08
Kofu,2004,37.01
Kofu,2005,36.94
Kofu,2006,36.99
Kofu,2007,37.04
Kofu,2008,37.09
Kofu,2009,37.14
Kofu,2010,37.18
Kofu,2011,37.17
Kofu,2012,37.16
Kofu,2013,37.14
Kofu,2014,37.13
Nagoya,2000,7.84
Nagoya,2001,7.81
Nagoya,2002,7.78
Nagoya,2003,7.75
Nagoya,2004,7.72
Nagoya,2005,7.69
Nagoya,2006,7.67
Nagoya,2007,7.65
Nagoya,2008,7.62
Nagoya,2009,7.6
Nagoya,2010,7.57
Nagoya,2011,7.55
Nagoya,2012,7.52
Nagoya,2013,7.49
Nagoya,2014,7.46
Numazu,2000,31.97
Numazu,2001,31.94
Numazu,2002,31.91
Numazu,2003,31.89
Numazu,2004,31.86
Numazu,2005,31.83
Numazu,2006,31.87
Numazu,2007,31.91
Numazu,2008,31.95
Numazu,2009,31.98
Numazu,2010,32.02
Numazu,2011,32.02
Numazu,2012,32.02
Numazu,2013,32.02
Numazu,2014,32.02
Osaka,2000,11.08
Osaka,2001,11.07
Osaka,2002,11.06
Osaka,2003,11.05
Osaka,2004,11.03
Osaka,2005,11.02
Osaka,2006,11.01
Osaka,2007,11.0
Osaka,2008,10.99
Osaka,2009,10.98
Osaka,2010,10.96
Osaka,2011,10.95
Osaka,2012,10.94
Osaka,2013,10.92
Osaka,2014,10.9
Shizuoka,2000,12.55
Shizuoka,2001,12.65
Shizuoka,2002,12.75
Shizuoka,2003,12.85
Shizuoka,2004,12.96
Shizuoka,2005,13.06
Shizuoka,2006,13.01
Shizuoka,2007,12.96
Shizuoka,2008,12.91
Shizuoka,2009,12.86
Shizuoka,2010,12.81
Shizuoka,2011,12.83
Shizuoka,2012,12.86
Shizuoka,2013,12.88
Shizuoka,2014,12.91
Anjo,2000,0.95
Anjo,2001,0.93
Anjo,2002,0.92
Anjo,2003,0.91
Anjo,2004,0.9
Anjo,2005,0.89
Anjo,2006,0.88
Anjo,2007,0.88
Anjo,2008,0.87
Anjo,2009,0.86
Anjo,2010,0.86
Anjo,2011,0.85
Anjo,2012,0.84
Anjo,2013,0.83
Anjo,2014,0.82
Yokkaichi,2000,28.37
Yokkaichi,2001,28.26
Yokkaichi,2002,28.14
Yokkaichi,2003,28.02
Yokkaichi,2004,27.91
Yokkaichi,2005,27.79
Yokkaichi,2006,27.65
Yokkaichi,2007,27.51
Yokkaichi,2008,27.37
Yokkaichi,2009,27.23
Yokkaichi,2010,27.08
Yokkaichi,2011,26.95
Yokkaichi,2012,26.82
Yokkaichi,2013,26.69
Yokkaichi,2014,26.56
Himeji,2000,26.42
Himeji,2001,26.42
Himeji,2002,26.42
Himeji,2003,26.42
Himeji,2004,26.42
Himeji,2005,26.42
Himeji,2006,26.43
Himeji,2007,26.45
Himeji,2008,26.46
Himeji,2009,26.47
Himeji,2010,26.49
Himeji,2011,26.49
Himeji,2012,26.49
Himeji,2013,26.5
Himeji,2014,26.5
Toyohashi,2000,31.74
Toyohashi,2001,31.62
Toyohashi,2002,31.51
Toyohashi,2003,31.4
Toyohashi,2004,31.28
Toyohashi,2005,31.17
Toyohashi,2006,31.14
Toyohashi,2007,31.12
Toyohashi,2008,31.09
Toyohashi,2009,31.07
Toyohashi,2010,31.05
Toyohashi,2011,30.98
Toyohashi,2012,30.9
Toyohashi,2013,30.83
Toyohashi,2014,30.76
Hamamatsu,2000,21.48
Hamamatsu,2001,21.38
Hamamatsu,2002,21.28
Hamamatsu,2003,21.19
Hamamatsu,2004,21.09
Hamamatsu,2005,20.99
Hamamatsu,2006,21.02
Hamamatsu,2007,21.04
Hamamatsu,2008,21.06
Hamamatsu,2009,21.09
Hamamatsu,2010,21.11
Hamamatsu,2011,21.07
Hamamatsu,2012,21.04
Hamamatsu,2013,21.0
Hamamatsu,2014,20.96
Okayama,2000,87.7
Okayama,2001,87.33
Okayama,2002,86.95
Okayama,2003,86.58
Okayama,2004,86.2
Okayama,2005,85.83
Okayama,2006,85.65
Okayama,2007,85.48
Okayama,2008,85.3
Okayama,2009,85.12
Okayama,2010,84.95
Okayama,2011,84.67
Okayama,2012,84.39
Okayama,2013,84.1
Okayama,2014,83.82
Kurashiki,2000,22.5
Kurashiki,2001,22.14
Kurashiki,2002,21.79
Kurashiki,2003,21.44
Kurashiki,2004,21.09
Kurashiki,2005,20.97
Kurashiki,2006,20.94
Kurashiki,2007,20.9
Kurashiki,2008,20.87
Kurashiki,2009,20.84
Kurashiki,2010,20.8
Kurashiki,2011,20.64
Kurashiki,2012,20.47
Kurashiki,2013,20.31
Kurashiki,2014,20.15
Fukuyama,2000,33.12
Fukuyama,2001,33.15
Fukuyama,2002,33.17
Fukuyama,2003,33.2
Fukuyama,2004,33.23
Fukuyama,2005,33.26
Fukuyama,2006,33.3
Fukuyama,2007,33.34
Fukuyama,2008,33.38
Fukuyama,2009,33.42
Fukuyama,2010,33.46
Fukuyama,2011,33.49
Fukuyama,2012,33.52
Fukuyama,2013,33.55
Fukuyama,2014,33.58
Hiroshima,2000,11.95
Hiroshima,2001,11.92
Hiroshima,2002,11.88
Hiroshima,2003,11.85
Hiroshima,2004,11.81
Hiroshima,2005,11.78
Hiroshima,2006,11.75
Hiroshima,2007,11.72
Hiroshima,2008,11.69
Hiroshima,2009,11.66
Hiroshima,2010,11.63
Hiroshima,2011,11.6
Hiroshima,2012,11.56
Hiroshima,2013,11.53
Hiroshima,2014,11.49
Takamatsu,2000,19.19
Takamatsu,2001,18.65
Takamatsu,2002,18.11
Takamatsu,2003,17.58
Takamatsu,2004,17.06
Takamatsu,2005,19.1
Takamatsu,2006,18.61
Takamatsu,2007,18.13
Takamatsu,2008,17.65
Takamatsu,2009,17.17
Takamatsu,2010,16.7
Takamatsu,2011,16.45
Takamatsu,2012,16.21
Takamatsu,2013,15.96
Takamatsu,2014,15.72
Wakayama,2000,37.62
Wakayama,2001,37.79
Wakayama,2002,37.96
Wakayama,2003,38.12
Wakayama,2004,38.29
Wakayama,2005,38.45
Wakayama,2006,38.55
Wakayama,2007,38.66
Wakayama,2008,38.76
Wakayama,2009,38.86
Wakayama,2010,38.96
Wakayama,2011,39.09
Wakayama,2012,39.22
Wakayama,2013,39.35
Wakayama,2014,39.48
Tokushima,2000,25.98
Tokushima,2001,26.0
Tokushima,2002,26.01
Tokushima,2003,26.02
Tokushima,2004,26.03
Tokushima,2005,26.04
Tokushima,2006,26.12
Tokushima,2007,26.19
Tokushima,2008,26.27
Tokushima,2009,26.34
Tokushima,2010,26.41
Tokushima,2011,26.45
Tokushima,2012,26.49
Tokushima,2013,26.53
Tokushima,2014,26.57
Kitakyushu,2000,9.92
Kitakyushu,2001,9.96
Kitakyushu,2002,9.99
Kitakyushu,2003,10.03
Kitakyushu,2004,10.06
Kitakyushu,2005,10.1
Kitakyushu,2006,10.13
Kitakyushu,2007,10.17
Kitakyushu,2008,10.2
Kitakyushu,2009,10.23
Kitakyushu,2010,10.27
Kitakyushu,2011,10.3
Kitakyushu,2012,10.34
Kitakyushu,2013,10.37
Kitakyushu,2014,10.4
Matsuyama,2000,54.02
Matsuyama,2001,53.9
Matsuyama,2002,53.79
Matsuyama,2003,53.67
Matsuyama,2004,53.55
Matsuyama,2005,53.44
Matsuyama,2006,53.44
Matsuyama,2007,53.44
Matsuyama,2008,53.43
Matsuyama,2009,53.43
Matsuyama,2010,53.43
Matsuyama,2011,53.37
Matsuyama,2012,53.31
Matsuyama,2013,53.25
Matsuyama,2014,53.19
Fukuoka,2000,7.13
Fukuoka,2001,7.08
Fukuoka,2002,7.02
Fukuoka,2003,6.97
Fukuoka,2004,6.92
Fukuoka,2005,6.86
Fukuoka,2006,6.82
Fukuoka,2007,6.77
Fukuoka,2008,6.73
Fukuoka,2009,6.68
Fukuoka,2010,6.63
Fukuoka,2011,6.59
Fukuoka,2012,6.54
Fukuoka,2013,6.49
Fukuoka,2014,6.44
Kochi,2000,23.9
Kochi,2001,23.9
Kochi,2002,23.91
Kochi,2003,23.91
Kochi,2004,23.91
Kochi,2005,23.91
Kochi,2006,24.02
Kochi,2007,24.12
Kochi,2008,24.23
Kochi,2009,24.33
Kochi,2010,24.44
Kochi,2011,24.49
Kochi,2012,24.54
Kochi,2013,24.6
Kochi,2014,24.65
Oita,2000,62.57
Oita,2001,62.44
Oita,2002,62.3
Oita,2003,62.17
Oita,2004,62.03
Oita,2005,61.89
Oita,2006,61.69
Oita,2007,61.48
Oita,2008,61.27
Oita,2009,61.06
Oita,2010,60.86
Oita,2011,60.68
Oita,2012,60.51
Oita,2013,60.33
Oita,2014,60.16
Kumamoto,2000,24.65
Kumamoto,2001,24.57
Kumamoto,2002,24.49
Kumamoto,2003,24.4
Kumamoto,2004,24.32
Kumamoto,2005,24.24
Kumamoto,2006,24.15
Kumamoto,2007,24.07
Kumamoto,2008,23.99
Kumamoto,2009,23.9
Kumamoto,2010,23.82
Kumamoto,2011,23.73
Kumamoto,2012,23.64
Kumamoto,2013,23.56
Kumamoto,2014,23.47
Nagasaki,2000,14.75
Nagasaki,2001,14.81
Nagasaki,2002,14.88
Nagasaki,2003,14.94
Nagasaki,2004,15.01
Nagasaki,2005,15.07
Nagasaki,2006,15.13
Nagasaki,2007,15.19
Nagasaki,2008,15.26
Nagasaki,2009,15.32
Nagasaki,2010,15.38
Nagasaki,2011,15.44
Nagasaki,2012,15.51
Nagasaki,2013,15.57
Nagasaki,2014,15.63
Kagoshima,2000,12.3
Kagoshima,2001,12.29
Kagoshima,2002,12.28
Kagoshima,2003,12.26
Kagoshima,2004,12.25
Kagoshima,2005,12.24
Kagoshima,2006,12.24
Kagoshima,2007,12.24
Kagoshima,2008,12.23
Kagoshima,2009,12.23
Kagoshima,2010,12.23
Kagoshima,2011,12.22
Kagoshima,2012,12.21
Kagoshima,2013,12.21
Kagoshima,2014,12.2
Naha,2000,99.63
Naha,2001,98.94
Naha,2002,98.25
Naha,2003,97.57
Naha,2004,96.89
Naha,2005,96.22
Naha,2006,95.67
Naha,2007,95.12
Naha,2008,94.58
Naha,2009,94.03
Naha,2010,93.49
Naha,2011,92.89
Naha,2012,92.3
Naha,2013,91.71
Naha,2014,91.12
Japan,2000,
Japan,2001,
Japan,2002,
Japan,2003,
Japan,2004,
Japan,2005,
Japan,2006,
Japan,2007,
Japan,2008,
Japan,2009,
Japan,2010,
Japan,2011,
Japan,2012,
Japan,2013,
Japan,2014,
Korea,2000,
Korea,2001,
Korea,2002,
Korea,2003,
Korea,2004,
Korea,2005,
Korea,2006,
Korea,2007,
Korea,2008,
Korea,2009,
Korea,2010,
Korea,2011,
Korea,2012,
Korea,2013,
Korea,2014,
Seoul Incheon,2000,6.6
Seoul Incheon,2001,6.57
Seoul Incheon,2002,6.54
Seoul Incheon,2003,6.49
Seoul Incheon,2004,6.44
Seoul Incheon,2005,6.38
Seoul Incheon,2006,6.3
Seoul Incheon,2007,6.22
Seoul Incheon,2008,6.13
Seoul Incheon,2009,6.03
Seoul Incheon,2010,5.92
Seoul Incheon,2011,5.79
Seoul Incheon,2012,5.65
Seoul Incheon,2013,5.51
Seoul Incheon,2014,5.34
Cheongju,2000,100.77
Cheongju,2001,100.13
Cheongju,2002,99.4
Cheongju,2003,98.57
Cheongju,2004,97.65
Cheongju,2005,96.65
Cheongju,2006,95.55
Cheongju,2007,94.36
Cheongju,2008,93.08
Cheongju,2009,91.72
Cheongju,2010,90.27
Cheongju,2011,88.74
Cheongju,2012,87.12
Cheongju,2013,85.43
Cheongju,2014,83.67
Daejeon,2000,35.05
Daejeon,2001,34.86
Daejeon,2002,34.64
Daejeon,2003,34.39
Daejeon,2004,34.11
Daejeon,2005,33.8
Daejeon,2006,33.46
Daejeon,2007,33.09
Daejeon,2008,32.69
Daejeon,2009,32.27
Daejeon,2010,31.81
Daejeon,2011,31.33
Daejeon,2012,30.81
Daejeon,2013,30.28
Daejeon,2014,29.71
Pohang,2000,101.52
Pohang,2001,102.0
Pohang,2002,102.39
Pohang,2003,102.7
Pohang,2004,102.92
Pohang,2005,103.05
Pohang,2006,103.08
Pohang,2007,103.02
Pohang,2008,102.86
Pohang,2009,102.61
Pohang,2010,102.25
Pohang,2011,101.79
Pohang,2012,101.23
Pohang,2013,100.57
Pohang,2014,99.8
Daegu,2000,33.65
Daegu,2001,33.78
Daegu,2002,33.88
Daegu,2003,33.95
Daegu,2004,33.99
Daegu,2005,34.0
Daegu,2006,33.97
Daegu,2007,33.91
Daegu,2008,33.82
Daegu,2009,33.68
Daegu,2010,33.51
Daegu,2011,33.3
Daegu,2012,33.04
Daegu,2013,32.73
Daegu,2014,32.38
Jeonju,2000,45.11
Jeonju,2001,45.11
Jeonju,2002,45.07
Jeonju,2003,44.99
Jeonju,2004,44.87
Jeonju,2005,44.7
Jeonju,2006,44.48
Jeonju,2007,44.21
Jeonju,2008,43.9
Jeonju,2009,43.53
Jeonju,2010,43.11
Jeonju,2011,42.64
Jeonju,2012,42.12
Jeonju,2013,41.55
Jeonju,2014,40.92
Ulsan,2000,62.4
Ulsan,2001,62.26
Ulsan,2002,62.06
Ulsan,2003,61.8
Ulsan,2004,61.47
Ulsan,2005,61.09
Ulsan,2006,60.64
Ulsan,2007,60.13
Ulsan,2008,59.56
Ulsan,2009,58.93
Ulsan,2010,58.24
Ulsan,2011,57.49
Ulsan,2012,56.68
Ulsan,2013,55.82
Ulsan,2014,54.9
Busan,2000,8.51
Busan,2001,8.59
Busan,2002,8.67
Busan,2003,8.74
Busan,2004,8.81
Busan,2005,8.87
Busan,2006,8.93
Busan,2007,8.98
Busan,2008,9.02
Busan,2009,9.06
Busan,2010,9.09
Busan,2011,9.11
Busan,2012,9.13
Busan,2013,9.13
Busan,2014,9.13
Changwon,2000,1.55
Changwon,2001,1.57
Changwon,2002,1.59
Changwon,2003,1.61
Changwon,2004,1.62
Changwon,2005,1.64
Changwon,2006,1.65
Changwon,2007,1.67
Changwon,2008,1.68
Changwon,2009,1.7
Changwon,2010,1.71
Changwon,2011,1.73
Changwon,2012,1.74
Changwon,2013,1.75
Changwon,2014,1.76
Gwangju,2000,45.89
Gwangju,2001,45.85
Gwangju,2002,45.75
Gwangju,2003,45.59
Gwangju,2004,45.36
Gwangju,2005,45.06
Gwangju,2006,44.69
Gwangju,2007,44.25
Gwangju,2008,43.74
Gwangju,2009,43.15
Gwangju,2010,42.49
Gwangju,2011,41.75
Gwangju,2012,40.94
Gwangju,2013,40.06
Gwangju,2014,39.11
Mexico,2000,
Mexico,2001,
Mexico,2002,
Mexico,2003,
Mexico,2004,
Mexico,2005,
Mexico,2006,
Mexico,2007,
Mexico,2008,
Mexico,2009,
Mexico,2010,
Mexico,2011,
Mexico,2012,
Mexico,2013,
Mexico,2014,
Mexicali,2000,11.05
Mexicali,2001,10.76
Mexicali,2002,10.48
Mexicali,2003,10.21
Mexicali,2004,9.94
Mexicali,2005,9.68
Mexicali,2006,9.43
Mexicali,2007,9.18
Mexicali,2008,8.94
Mexicali,2009,8.7
Mexicali,2010,8.48
Mexicali,2011,8.25
Mexicali,2012,8.04
Mexicali,2013,7.83
Mexicali,2014,7.62
Tijuana,2000,1.75
Tijuana,2001,1.69
Tijuana,2002,1.64
Tijuana,2003,1.58
Tijuana,2004,1.53
Tijuana,2005,1.47
Tijuana,2006,1.42
Tijuana,2007,1.37
Tijuana,2008,1.33
Tijuana,2009,1.28
Tijuana,2010,1.24
Tijuana,2011,1.2
Tijuana,2012,1.15
Tijuana,2013,1.11
Tijuana,2014,1.08
Juárez,2000,0.0
Juárez,2001,0.0
Juárez,2002,0.0
Juárez,2003,0.0
Juárez,2004,0.0
Juárez,2005,0.0
Juárez,2006,0.0
Juárez,2007,0.0
Juárez,2008,0.0
Juárez,2009,0.0
Juárez,2010,0.0
Juárez,2011,0.0
Juárez,2012,0.0
Juárez,2013,0.0
Juárez,2014,0.0
Hermosillo,2000,37.91
Hermosillo,2001,36.95
Hermosillo,2002,36.0
Hermosillo,2003,35.09
Hermosillo,2004,34.19
Hermosillo,2005,33.32
Hermosillo,2006,32.47
Hermosillo,2007,31.64
Hermosillo,2008,30.84
Hermosillo,2009,30.05
Hermosillo,2010,29.29
Hermosillo,2011,28.54
Hermosillo,2012,27.81
Hermosillo,2013,27.1
Hermosillo,2014,26.41
Chihuahua,2000,2.88
Chihuahua,2001,2.82
Chihuahua,2002,2.76
Chihuahua,2003,2.7
Chihuahua,2004,2.64
Chihuahua,2005,2.59
Chihuahua,2006,2.53
Chihuahua,2007,2.48
Chihuahua,2008,2.43
Chihuahua,2009,2.38
Chihuahua,2010,2.32
Chihuahua,2011,2.28
Chihuahua,2012,2.23
Chihuahua,2013,2.18
Chihuahua,2014,2.13
Reynosa,2000,53.04
Reynosa,2001,51.3
Reynosa,2002,49.6
Reynosa,2003,47.96
Reynosa,2004,46.37
Reynosa,2005,44.82
Reynosa,2006,43.33
Reynosa,2007,41.88
Reynosa,2008,40.47
Reynosa,2009,39.11
Reynosa,2010,37.79
Reynosa,2011,36.51
Reynosa,2012,35.28
Reynosa,2013,34.08
Reynosa,2014,32.92
Monterrey,2000,60.38
Monterrey,2001,59.45
Monterrey,2002,58.47
Monterrey,2003,57.43
Monterrey,2004,56.33
Monterrey,2005,55.18
Monterrey,2006,53.96
Monterrey,2007,52.67
Monterrey,2008,51.31
Monterrey,2009,49.89
Monterrey,2010,48.39
Monterrey,2011,46.82
Monterrey,2012,45.17
Monterrey,2013,43.45
Monterrey,2014,41.65
Torreón,2000,68.91
Torreón,2001,67.59
Torreón,2002,66.3
Torreón,2003,65.03
Torreón,2004,63.78
Torreón,2005,62.56
Torreón,2006,61.35
Torreón,2007,60.18
Torreón,2008,59.02
Torreón,2009,57.89
Torreón,2010,56.77
Torreón,2011,55.68
Torreón,2012,54.61
Torreón,2013,53.56
Torreón,2014,52.53
Saltillo,2000,10.14
Saltillo,2001,9.91
Saltillo,2002,9.67
Saltillo,2003,9.45
Saltillo,2004,9.22
Saltillo,2005,9.01
Saltillo,2006,8.8
Saltillo,2007,8.59
Saltillo,2008,8.39
Saltillo,2009,8.19
Saltillo,2010,8.0
Saltillo,2011,7.81
Saltillo,2012,7.63
Saltillo,2013,7.45
Saltillo,2014,7.27
Culiacán,2000,758.56
Culiacán,2001,747.42
Culiacán,2002,736.44
Culiacán,2003,725.63
Culiacán,2004,714.97
Culiacán,2005,704.47
Culiacán,2006,694.13
Culiacán,2007,683.94
Culiacán,2008,673.89
Culiacán,2009,664.0
Culiacán,2010,654.25
Culiacán,2011,644.64
Culiacán,2012,635.17
Culiacán,2013,625.84
Culiacán,2014,616.65
Durango,2000,262.78
Durango,2001,258.07
Durango,2002,253.45
Durango,2003,248.91
Durango,2004,244.46
Durango,2005,240.08
Durango,2006,235.78
Durango,2007,231.56
Durango,2008,227.42
Durango,2009,223.35
Durango,2010,219.35
Durango,2011,215.42
Durango,2012,211.57
Durango,2013,207.78
Durango,2014,204.06
Tampico,2000,494.79
Tampico,2001,487.89
Tampico,2002,480.91
Tampico,2003,473.86
Tampico,2004,466.73
Tampico,2005,459.52
Tampico,2006,452.24
Tampico,2007,444.9
Tampico,2008,437.49
Tampico,2009,430.02
Tampico,2010,422.49
Tampico,2011,414.9
Tampico,2012,407.27
Tampico,2013,399.59
Tampico,2014,391.87
San Luis Potosí,2000,38.51
San Luis Potosí,2001,37.76
San Luis Potosí,2002,37.02
San Luis Potosí,2003,36.29
San Luis Potosí,2004,35.58
San Luis Potosí,2005,34.87
San Luis Potosí,2006,34.18
San Luis Potosí,2007,33.49
San Luis Potosí,2008,32.82
San Luis Potosí,2009,32.15
San Luis Potosí,2010,31.5
San Luis Potosí,2011,30.86
San Luis Potosí,2012,30.22
San Luis Potosí,2013,29.59
San Luis Potosí,2014,28.98
Aguascalientes,2000,290.7
Aguascalientes,2001,283.5
Aguascalientes,2002,276.46
Aguascalientes,2003,269.58
Aguascalientes,2004,262.84
Aguascalientes,2005,256.26
Aguascalientes,2006,249.82
Aguascalientes,2007,243.52
Aguascalientes,2008,237.36
Aguascalientes,2009,231.33
Aguascalientes,2010,225.44
Aguascalientes,2011,219.68
Aguascalientes,2012,214.05
Aguascalientes,2013,208.54
Aguascalientes,2014,203.16
Benito Juárez,2000,318.17
Benito Juárez,2001,303.58
Benito Juárez,2002,289.67
Benito Juárez,2003,276.39
Benito Juárez,2004,263.73
Benito Juárez,2005,251.64
Benito Juárez,2006,240.11
Benito Juárez,2007,229.1
Benito Juárez,2008,218.6
Benito Juárez,2009,208.58
Benito Juárez,2010,199.02
Benito Juárez,2011,189.9
Benito Juárez,2012,181.2
Benito Juárez,2013,172.89
Benito Juárez,2014,164.97
León,2000,159.61
León,2001,155.73
León,2002,151.95
León,2003,148.26
León,2004,144.67
León,2005,141.15
León,2006,137.73
León,2007,134.38
León,2008,131.12
León,2009,127.94
León,2010,124.83
León,2011,121.8
León,2012,118.85
León,2013,115.96
León,2014,113.15
Mérida,2000,1202.88
Mérida,2001,1182.03
Mérida,2002,1161.39
Mérida,2003,1140.96
Mérida,2004,1120.74
Mérida,2005,1100.72
Mérida,2006,1080.9
Mérida,2007,1061.27
Mérida,2008,1041.83
Mérida,2009,1022.57
Mérida,2010,1003.48
Mérida,2011,984.58
Mérida,2012,965.84
Mérida,2013,947.26
Mérida,2014,928.85
Guadalajara,2000,146.83
Guadalajara,2001,144.69
Guadalajara,2002,142.47
Guadalajara,2003,140.17
Guadalajara,2004,137.79
Guadalajara,2005,135.32
Guadalajara,2006,132.76
Guadalajara,2007,130.11
Guadalajara,2008,127.37
Guadalajara,2009,124.55
Guadalajara,2010,121.63
Guadalajara,2011,118.62
Guadalajara,2012,115.52
Guadalajara,2013,112.33
Guadalajara,2014,109.05
Irapuato,2000,268.49
Irapuato,2001,263.27
Irapuato,2002,258.14
Irapuato,2003,253.11
Irapuato,2004,248.18
Irapuato,2005,243.35
Irapuato,2006,238.61
Irapuato,2007,233.96
Irapuato,2008,229.4
Irapuato,2009,224.93
Irapuato,2010,220.55
Irapuato,2011,216.26
Irapuato,2012,212.05
Irapuato,2013,207.92
Irapuato,2014,203.87
Querétaro,2000,465.44
Querétaro,2001,451.82
Querétaro,2002,438.51
Querétaro,2003,425.51
Querétaro,2004,412.8
Querétaro,2005,400.4
Querétaro,2006,388.28
Querétaro,2007,376.45
Querétaro,2008,364.9
Querétaro,2009,353.62
Querétaro,2010,342.61
Querétaro,2011,331.86
Querétaro,2012,321.37
Querétaro,2013,311.13
Querétaro,2014,301.15
Celaya,2000,370.33
Celaya,2001,362.77
Celaya,2002,355.37
Celaya,2003,348.12
Celaya,2004,341.01
Celaya,2005,334.05
Celaya,2006,327.23
Celaya,2007,320.54
Celaya,2008,313.99
Celaya,2009,307.58
Celaya,2010,301.29
Celaya,2011,295.13
Celaya,2012,289.09
Celaya,2013,283.18
Celaya,2014,277.39
Pachuca de Soto,2000,343.79
Pachuca de Soto,2001,335.18
Pachuca de Soto,2002,326.44
Pachuca de Soto,2003,317.57
Pachuca de Soto,2004,308.58
Pachuca de Soto,2005,299.46
Pachuca de Soto,2006,290.21
Pachuca de Soto,2007,280.85
Pachuca de Soto,2008,271.38
Pachuca de Soto,2009,261.82
Pachuca de Soto,2010,252.16
Pachuca de Soto,2011,242.44
Pachuca de Soto,2012,232.66
Pachuca de Soto,2013,222.85
Pachuca de Soto,2014,213.04
Morelia,2000,252.46
Morelia,2001,247.53
Morelia,2002,242.65
Morelia,2003,237.83
Morelia,2004,233.06
Morelia,2005,228.34
Morelia,2006,223.68
Morelia,2007,219.06
Morelia,2008,214.5
Morelia,2009,209.98
Morelia,2010,205.51
Morelia,2011,201.08
Morelia,2012,196.7
Morelia,2013,192.37
Morelia,2014,188.08
Mexico City,2000,31.36
Mexico City,2001,31.05
Mexico City,2002,30.73
Mexico City,2003,30.41
Mexico City,2004,30.08
Mexico City,2005,29.74
Mexico City,2006,29.4
Mexico City,2007,29.05
Mexico City,2008,28.69
Mexico City,2009,28.32
Mexico City,2010,27.95
Mexico City,2011,27.57
Mexico City,2012,27.18
Mexico City,2013,26.78
Mexico City,2014,26.37
Xalapa,2000,589.92
Xalapa,2001,578.64
Xalapa,2002,567.56
Xalapa,2003,556.68
Xalapa,2004,545.99
Xalapa,2005,535.48
Xalapa,2006,525.17
Xalapa,2007,515.04
Xalapa,2008,505.08
Xalapa,2009,495.31
Xalapa,2010,485.71
Xalapa,2011,476.27
Xalapa,2012,467.01
Xalapa,2013,457.91
Xalapa,2014,448.98
Toluca,2000,290.88
Toluca,2001,283.04
Toluca,2002,275.39
Toluca,2003,267.93
Toluca,2004,260.65
Toluca,2005,253.56
Toluca,2006,246.64
Toluca,2007,239.89
Toluca,2008,233.31
Toluca,2009,226.89
Toluca,2010,220.63
Toluca,2011,214.53
Toluca,2012,208.58
Toluca,2013,202.78
Toluca,2014,197.12
Veracruz,2000,670.77
Veracruz,2001,658.99
Veracruz,2002,647.33
Veracruz,2003,635.8
Veracruz,2004,624.41
Veracruz,2005,613.14
Veracruz,2006,601.99
Veracruz,2007,590.97
Veracruz,2008,580.08
Veracruz,2009,569.31
Veracruz,2010,558.67
Veracruz,2011,548.15
Veracruz,2012,537.76
Veracruz,2013,527.48
Veracruz,2014,517.33
Puebla,2000,148.18
Puebla,2001,145.05
Puebla,2002,141.97
Puebla,2003,138.93
Puebla,2004,135.94
Puebla,2005,133.0
Puebla,2006,130.1
Puebla,2007,127.24
Puebla,2008,124.42
Puebla,2009,121.65
Puebla,2010,118.92
Puebla,2011,116.23
Puebla,2012,113.58
Puebla,2013,110.97
Puebla,2014,108.4
Cuernavaca,2000,229.71
Cuernavaca,2001,225.47
Cuernavaca,2002,221.29
Cuernavaca,2003,217.17
Cuernavaca,2004,213.1
Cuernavaca,2005,209.1
Cuernavaca,2006,205.14
Cuernavaca,2007,201.25
Cuernavaca,2008,197.41
Cuernavaca,2009,193.62
Cuernavaca,2010,189.89
Cuernavaca,2011,186.21
Cuernavaca,2012,182.59
Cuernavaca,2013,179.01
Cuernavaca,2014,175.49
Centro,2000,793.32
Centro,2001,775.46
Centro,2002,757.97
Centro,2003,740.86
Centro,2004,724.11
Centro,2005,707.72
Centro,2006,691.67
Centro,2007,675.97
Centro,2008,660.6
Centro,2009,645.56
Centro,2010,630.85
Centro,2011,616.45
Centro,2012,602.35
Centro,2013,588.56
Centro,2014,575.07
Oaxaca de Juárez,2000,328.06
Oaxaca de Juárez,2001,321.75
Oaxaca de Juárez,2002,315.44
Oaxaca de Juárez,2003,309.12
Oaxaca de Juárez,2004,302.79
Oaxaca de Juárez,2005,296.46
Oaxaca de Juárez,2006,290.13
Oaxaca de Juárez,2007,283.8
Oaxaca de Juárez,2008,277.49
Oaxaca de Juárez,2009,271.18
Oaxaca de Juárez,2010,264.89
Oaxaca de Juárez,2011,258.62
Oaxaca de Juárez,2012,252.37
Oaxaca de Juárez,2013,246.15
Oaxaca de Juárez,2014,239.96
Acapulco de Juárez,2000,815.56
Acapulco de Juárez,2001,806.04
Acapulco de Juárez,2002,796.64
Acapulco de Juárez,2003,787.34
Acapulco de Juárez,2004,778.16
Acapulco de Juárez,2005,769.08
Acapulco de Juárez,2006,760.1
Acapulco de Juárez,2007,751.23
Acapulco de Juárez,2008,742.47
Acapulco de Juárez,2009,733.8
Acapulco de Juárez,2010,725.24
Acapulco de Juárez,2011,716.78
Acapulco de Juárez,2012,708.42
Acapulco de Juárez,2013,700.15
Acapulco de Juárez,2014,691.98
Tuxtla Gutiérrez,2000,1506.55
Tuxtla Gutiérrez,2001,1465.16
Tuxtla Gutiérrez,2002,1424.87
Tuxtla Gutiérrez,2003,1385.65
Tuxtla Gutiérrez,2004,1347.47
Tuxtla Gutiérrez,2005,1310.32
Tuxtla Gutiérrez,2006,1274.16
Tuxtla Gutiérrez,2007,1238.96
Tuxtla Gutiérrez,2008,1204.7
Tuxtla Gutiérrez,2009,1171.37
Tuxtla Gutiérrez,2010,1138.92
Tuxtla Gutiérrez,2011,1107.34
Tuxtla Gutiérrez,2012,1076.61
Tuxtla Gutiérrez,2013,1046.71
Tuxtla Gutiérrez,2014,1017.6
The Hague,2000,23.42
The Hague,2001,23.22
The Hague,2002,23.02
The Hague,2003,22.82
The Hague,2004,22.62
The Hague,2005,22.42
The Hague,2006,22.22
The Hague,2007,22.02
The Hague,2008,21.82
The Hague,2009,21.61
The Hague,2010,21.41
The Hague,2011,21.21
The Hague,2012,21.0
The Hague,2013,20.8
The Hague,2014,20.59
Amsterdam,2000,235.63
Amsterdam,2001,233.57
Amsterdam,2002,231.51
Amsterdam,2003,229.46
Amsterdam,2004,227.41
Amsterdam,2005,225.37
Amsterdam,2006,223.33
Amsterdam,2007,221.29
Amsterdam,2008,219.26
Amsterdam,2009,217.23
Amsterdam,2010,215.21
Amsterdam,2011,213.19
Amsterdam,2012,211.18
Amsterdam,2013,209.17
Amsterdam,2014,207.16
Rotterdam,2000,74.2
Rotterdam,2001,74.0
Rotterdam,2002,73.79
Rotterdam,2003,73.57
Rotterdam,2004,73.35
Rotterdam,2005,73.12
Rotterdam,2006,72.88
Rotterdam,2007,72.64
Rotterdam,2008,72.38
Rotterdam,2009,72.12
Rotterdam,2010,71.85
Rotterdam,2011,71.57
Rotterdam,2012,71.28
Rotterdam,2013,70.99
Rotterdam,2014,70.68
Utrecht,2000,264.58
Utrecht,2001,261.55
Utrecht,2002,258.52
Utrecht,2003,255.51
Utrecht,2004,252.49
Utrecht,2005,249.48
Utrecht,2006,246.48
Utrecht,2007,243.48
Utrecht,2008,240.49
Utrecht,2009,237.51
Utrecht,2010,234.53
Utrecht,2011,231.57
Utrecht,2012,228.61
Utrecht,2013,225.67
Utrecht,2014,222.73
Eindhoven,2000,874.28
Eindhoven,2001,870.92
Eindhoven,2002,867.56
Eindhoven,2003,864.19
Eindhoven,2004,860.81
Eindhoven,2005,857.44
Eindhoven,2006,854.07
Eindhoven,2007,850.69
Eindhoven,2008,847.31
Eindhoven,2009,843.93
Eindhoven,2010,840.54
Eindhoven,2011,837.16
Eindhoven,2012,833.78
Eindhoven,2013,830.39
Eindhoven,2014,827.0
The Netherlands,2000,
The Netherlands,2001,
The Netherlands,2002,
The Netherlands,2003,
The Netherlands,2004,
The Netherlands,2005,
The Netherlands,2006,
The Netherlands,2007,
The Netherlands,2008,
The Netherlands,2009,
The Netherlands,2010,
The Netherlands,2011,
The Netherlands,2012,
The Netherlands,2013,
The Netherlands,2014,
Oslo,2000,355.87
Oslo,2001,350.71
Oslo,2002,345.63
Oslo,2003,340.61
Oslo,2004,335.66
Oslo,2005,330.78
Oslo,2006,325.95
Oslo,2007,321.2
Oslo,2008,316.5
Oslo,2009,311.87
Oslo,2010,307.31
Oslo,2011,302.8
Oslo,2012,298.35
Oslo,2013,293.96
Oslo,2014,289.63
Norway,2000,
Norway,2001,
Norway,2002,
Norway,2003,
Norway,2004,
Norway,2005,
Norway,2006,
Norway,2007,
Norway,2008,
Norway,2009,
Norway,2010,
Norway,2011,
Norway,2012,
Norway,2013,
Norway,2014,
Warsaw,2000,1086.13
Warsaw,2001,1081.97
Warsaw,2002,1077.74
Warsaw,2003,1073.45
Warsaw,2004,1069.1
Warsaw,2005,1064.69
Warsaw,2006,1060.23
Warsaw,2007,1055.7
Warsaw,2008,1051.11
Warsaw,2009,1046.46
Warsaw,2010,1041.76
Warsaw,2011,1036.99
Warsaw,2012,1032.16
Warsaw,2013,1027.27
Warsaw,2014,1022.32
Lódz,2000,395.24
Lódz,2001,397.1
Lódz,2002,398.96
Lódz,2003,400.82
Lódz,2004,402.68
Lódz,2005,404.53
Lódz,2006,406.38
Lódz,2007,408.23
Lódz,2008,410.08
Lódz,2009,411.92
Lódz,2010,413.76
Lódz,2011,415.59
Lódz,2012,417.42
Lódz,2013,419.24
Lódz,2014,421.06
Kraków,2000,742.53
Kraków,2001,741.24
Kraków,2002,739.95
Kraków,2003,738.63
Kraków,2004,737.3
Kraków,2005,735.96
Kraków,2006,734.6
Kraków,2007,733.23
Kraków,2008,731.84
Kraków,2009,730.43
Kraków,2010,729.01
Kraków,2011,727.57
Kraków,2012,726.12
Kraków,2013,724.66
Kraków,2014,723.17
Wroclaw,2000,608.18
Wroclaw,2001,607.57
Wroclaw,2002,606.93
Wroclaw,2003,606.27
Wroclaw,2004,605.59
Wroclaw,2005,604.88
Wroclaw,2006,604.14
Wroclaw,2007,603.38
Wroclaw,2008,602.6
Wroclaw,2009,601.79
Wroclaw,2010,600.96
Wroclaw,2011,600.1
Wroclaw,2012,599.21
Wroclaw,2013,598.3
Wroclaw,2014,597.36
Poznan,2000,378.52
Poznan,2001,377.57
Poznan,2002,376.57
Poznan,2003,375.52
Poznan,2004,374.41
Poznan,2005,373.24
Poznan,2006,372.03
Poznan,2007,370.75
Poznan,2008,369.42
Poznan,2009,368.02
Poznan,2010,366.57
Poznan,2011,365.06
Poznan,2012,363.49
Poznan,2013,361.86
Poznan,2014,360.17
Gdansk,2000,696.98
Gdansk,2001,695.5
Gdansk,2002,693.97
Gdansk,2003,692.39
Gdansk,2004,690.76
Gdansk,2005,689.07
Gdansk,2006,687.34
Gdansk,2007,685.54
Gdansk,2008,683.7
Gdansk,2009,681.8
Gdansk,2010,679.85
Gdansk,2011,677.84
Gdansk,2012,675.77
Gdansk,2013,673.65
Gdansk,2014,671.47
Lublin,2000,486.93
Lublin,2001,487.09
Lublin,2002,487.25
Lublin,2003,487.38
Lublin,2004,487.5
Lublin,2005,487.59
Lublin,2006,487.67
Lublin,2007,487.73
Lublin,2008,487.77
Lublin,2009,487.79
Lublin,2010,487.79
Lublin,2011,487.76
Lublin,2012,487.72
Lublin,2013,487.65
Lublin,2014,487.56
Katowice,2000,319.72
Katowice,2001,320.95
Katowice,2002,322.18
Katowice,2003,323.42
Katowice,2004,324.65
Katowice,2005,325.89
Katowice,2006,327.13
Katowice,2007,328.36
Katowice,2008,329.61
Katowice,2009,330.85
Katowice,2010,332.09
Katowice,2011,333.33
Katowice,2012,334.58
Katowice,2013,335.83
Katowice,2014,337.07
Poland,2000,
Poland,2001,
Poland,2002,
Poland,2003,
Poland,2004,
Poland,2005,
Poland,2006,
Poland,2007,
Poland,2008,
Poland,2009,
Poland,2010,
Poland,2011,
Poland,2012,
Poland,2013,
Poland,2014,
Portugal,2000,
Portugal,2001,
Portugal,2002,
Portugal,2003,
Portugal,2004,
Portugal,2005,
Portugal,2006,
Portugal,2007,
Portugal,2008,
Portugal,2009,
Portugal,2010,
Portugal,2011,
Portugal,2012,
Portugal,2013,
Portugal,2014,
Lisbon,2000,69.57
Lisbon,2001,69.25
Lisbon,2002,68.9
Lisbon,2003,68.55
Lisbon,2004,68.17
Lisbon,2005,67.78
Lisbon,2006,67.38
Lisbon,2007,66.96
Lisbon,2008,66.52
Lisbon,2009,66.07
Lisbon,2010,65.6
Lisbon,2011,65.12
Lisbon,2012,64.62
Lisbon,2013,64.11
Lisbon,2014,63.58
Porto,2000,68.29
Porto,2001,68.19
Porto,2002,68.09
Porto,2003,67.98
Porto,2004,67.86
Porto,2005,67.74
Porto,2006,67.61
Porto,2007,67.47
Porto,2008,67.33
Porto,2009,67.18
Porto,2010,67.02
Porto,2011,66.86
Porto,2012,66.69
Porto,2013,66.52
Porto,2014,66.33
Stockholm,2000,125.87
Stockholm,2001,125.04
Stockholm,2002,124.22
Stockholm,2003,123.39
Stockholm,2004,122.58
Stockholm,2005,121.77
Stockholm,2006,120.96
Stockholm,2007,120.15
Stockholm,2008,119.36
Stockholm,2009,118.56
Stockholm,2010,117.77
Stockholm,2011,116.99
Stockholm,2012,116.21
Stockholm,2013,115.43
Stockholm,2014,114.66
Gothenburg,2000,317.78
Gothenburg,2001,315.89
Gothenburg,2002,314.01
Gothenburg,2003,312.13
Gothenburg,2004,310.27
Gothenburg,2005,308.42
Gothenburg,2006,306.57
Gothenburg,2007,304.74
Gothenburg,2008,302.92
Gothenburg,2009,301.1
Gothenburg,2010,299.3
Gothenburg,2011,297.5
Gothenburg,2012,295.71
Gothenburg,2013,293.94
Gothenburg,2014,292.17
Malmö,2000,936.23
Malmö,2001,929.25
Malmö,2002,922.32
Malmö,2003,915.44
Malmö,2004,908.61
Malmö,2005,901.83
Malmö,2006,895.1
Malmö,2007,888.42
Malmö,2008,881.78
Malmö,2009,875.2
Malmö,2010,868.65
Malmö,2011,862.16
Malmö,2012,855.72
Malmö,2013,849.32
Malmö,2014,842.97
Ljubljana,2000,1031.99
Ljubljana,2001,1023.93
Ljubljana,2002,1015.91
Ljubljana,2003,1007.93
Ljubljana,2004,999.98
Ljubljana,2005,992.08
Ljubljana,2006,984.22
Ljubljana,2007,976.39
Ljubljana,2008,968.6
Ljubljana,2009,960.84
Ljubljana,2010,953.12
Ljubljana,2011,945.43
Ljubljana,2012,937.78
Ljubljana,2013,930.18
Ljubljana,2014,922.61
Bratislava,2000,471.54
Bratislava,2001,469.86
Bratislava,2002,468.15
Bratislava,2003,466.39
Bratislava,2004,464.6
Bratislava,2005,462.77
Bratislava,2006,460.9
Bratislava,2007,459.0
Bratislava,2008,457.05
Bratislava,2009,455.07
Bratislava,2010,453.05
Bratislava,2011,450.98
Bratislava,2012,448.87
Bratislava,2013,446.72
Bratislava,2014,444.53
Slovak Republic,2000,
Slovak Republic,2001,
Slovak Republic,2002,
Slovak Republic,2003,
Slovak Republic,2004,
Slovak Republic,2005,
Slovak Republic,2006,
Slovak Republic,2007,
Slovak Republic,2008,
Slovak Republic,2009,
Slovak Republic,2010,
Slovak Republic,2011,
Slovak Republic,2012,
Slovak Republic,2013,
Slovak Republic,2014,
Slovenia,2000,
Slovenia,2001,
Slovenia,2002,
Slovenia,2003,
Slovenia,2004,
Slovenia,2005,
Slovenia,2006,
Slovenia,2007,
Slovenia,2008,
Slovenia,2009,
Slovenia,2010,
Slovenia,2011,
Slovenia,2012,
Slovenia,2013,
Slovenia,2014,
Sweden,2000,
Sweden,2001,
Sweden,2002,
Sweden,2003,
Sweden,2004,
Sweden,2005,
Sweden,2006,
Sweden,2007,
Sweden,2008,
Sweden,2009,
Sweden,2010,
Sweden,2011,
Sweden,2012,
Sweden,2013,
Sweden,2014,
London,2000,41.56
London,2001,41.09
London,2002,40.63
London,2003,40.17
London,2004,39.71
London,2005,39.25
London,2006,38.79
London,2007,38.33
London,2008,37.88
London,2009,37.42
London,2010,36.97
London,2011,36.51
London,2012,36.06
London,2013,35.61
London,2014,35.16
Birmingham (UK),2000,155.35
Birmingham (UK),2001,154.3
Birmingham (UK),2002,153.22
Birmingham (UK),2003,152.11
Birmingham (UK),2004,150.98
Birmingham (UK),2005,149.82
Birmingham (UK),2006,148.64
Birmingham (UK),2007,147.43
Birmingham (UK),2008,146.2
Birmingham (UK),2009,144.94
Birmingham (UK),2010,143.66
Birmingham (UK),2011,142.36
Birmingham (UK),2012,141.03
Birmingham (UK),2013,139.68
Birmingham (UK),2014,138.31
Leeds,2000,184.99
Leeds,2001,184.5
Leeds,2002,183.95
Leeds,2003,183.33
Leeds,2004,182.64
Leeds,2005,181.89
Leeds,2006,181.08
Leeds,2007,180.21
Leeds,2008,179.28
Leeds,2009,178.29
Leeds,2010,177.25
Leeds,2011,176.15
Leeds,2012,175.0
Leeds,2013,173.81
Leeds,2014,172.56
Bradford,2000,168.32
Bradford,2001,167.34
Bradford,2002,166.21
Bradford,2003,164.93
Bradford,2004,163.51
Bradford,2005,161.95
Bradford,2006,160.25
Bradford,2007,158.43
Bradford,2008,156.47
Bradford,2009,154.39
Bradford,2010,152.2
Bradford,2011,149.9
Bradford,2012,147.48
Bradford,2013,144.97
Bradford,2014,142.37
Liverpool,2000,63.05
Liverpool,2001,63.19
Liverpool,2002,63.29
Liverpool,2003,63.35
Liverpool,2004,63.35
Liverpool,2005,63.31
Liverpool,2006,63.23
Liverpool,2007,63.09
Liverpool,2008,62.91
Liverpool,2009,62.67
Liverpool,2010,62.39
Liverpool,2011,62.05
Liverpool,2012,61.67
Liverpool,2013,61.23
Liverpool,2014,60.74
Manchester,2000,154.17
Manchester,2001,153.28
Manchester,2002,152.32
Manchester,2003,151.27
Manchester,2004,150.15
Manchester,2005,148.96
Manchester,2006,147.68
Manchester,2007,146.34
Manchester,2008,144.92
Manchester,2009,143.43
Manchester,2010,141.87
Manchester,2011,140.24
Manchester,2012,138.55
Manchester,2013,136.79
Manchester,2014,134.97
Cardiff,2000,181.86
Cardiff,2001,180.74
Cardiff,2002,179.57
Cardiff,2003,178.37
Cardiff,2004,177.12
Cardiff,2005,175.83
Cardiff,2006,174.51
Cardiff,2007,173.16
Cardiff,2008,171.76
Cardiff,2009,170.34
Cardiff,2010,168.88
Cardiff,2011,167.38
Cardiff,2012,165.86
Cardiff,2013,164.31
Cardiff,2014,162.72
Sheffield,2000,285.85
Sheffield,2001,285.49
Sheffield,2002,284.9
Sheffield,2003,284.08
Sheffield,2004,283.03
Sheffield,2005,281.75
Sheffield,2006,280.24
Sheffield,2007,278.5
Sheffield,2008,276.52
Sheffield,2009,274.33
Sheffield,2010,271.91
Sheffield,2011,269.27
Sheffield,2012,266.43
Sheffield,2013,263.37
Sheffield,2014,260.12
Bristol,2000,132.84
Bristol,2001,131.69
Bristol,2002,130.52
Bristol,2003,129.31
Bristol,2004,128.08
Bristol,2005,126.82
Bristol,2006,125.53
Bristol,2007,124.21
Bristol,2008,122.86
Bristol,2009,121.49
Bristol,2010,120.08
Bristol,2011,118.65
Bristol,2012,117.19
Bristol,2013,115.7
Bristol,2014,114.18
Newcastle,2000,168.41
Newcastle,2001,168.18
Newcastle,2002,167.87
Newcastle,2003,167.47
Newcastle,2004,166.98
Newcastle,2005,166.4
Newcastle,2006,165.74
Newcastle,2007,164.99
Newcastle,2008,164.16
Newcastle,2009,163.24
Newcastle,2010,162.24
Newcastle,2011,161.15
Newcastle,2012,159.99
Newcastle,2013,158.74
Newcastle,2014,157.42
Leicester,2000,347.03
Leicester,2001,343.58
Leicester,2002,340.12
Leicester,2003,336.66
Leicester,2004,333.18
Leicester,2005,329.7
Leicester,2006,326.21
Leicester,2007,322.71
Leicester,2008,319.21
Leicester,2009,315.69
Leicester,2010,312.17
Leicester,2011,308.64
Leicester,2012,305.1
Leicester,2013,301.56
Leicester,2014,298.01
Portsmouth,2000,97.66
Portsmouth,2001,97.08
Portsmouth,2002,96.48
Portsmouth,2003,95.88
Portsmouth,2004,95.27
Portsmouth,2005,94.66
Portsmouth,2006,94.04
Portsmouth,2007,93.41
Portsmouth,2008,92.77
Portsmouth,2009,92.14
Portsmouth,2010,91.49
Portsmouth,2011,90.83
Portsmouth,2012,90.17
Portsmouth,2013,89.51
Portsmouth,2014,88.83
Nottingham,2000,288.73
Nottingham,2001,286.87
Nottingham,2002,284.97
Nottingham,2003,283.04
Nottingham,2004,281.08
Nottingham,2005,279.09
Nottingham,2006,277.07
Nottingham,2007,275.02
Nottingham,2008,272.94
Nottingham,2009,270.83
Nottingham,2010,268.7
Nottingham,2011,266.54
Nottingham,2012,264.35
Nottingham,2013,262.14
Nottingham,2014,259.9
Glasgow,2000,107.8
Glasgow,2001,107.77
Glasgow,2002,107.69
Glasgow,2003,107.58
Glasgow,2004,107.42
Glasgow,2005,107.21
Glasgow,2006,106.96
Glasgow,2007,106.67
Glasgow,2008,106.34
Glasgow,2009,105.96
Glasgow,2010,105.54
Glasgow,2011,105.08
Glasgow,2012,104.57
Glasgow,2013,104.02
Glasgow,2014,103.43
Edinburgh,2000,231.95
Edinburgh,2001,230.84
Edinburgh,2002,229.59
Edinburgh,2003,228.21
Edinburgh,2004,226.68
Edinburgh,2005,225.02
Edinburgh,2006,223.23
Edinburgh,2007,221.3
Edinburgh,2008,219.25
Edinburgh,2009,217.07
Edinburgh,2010,214.77
Edinburgh,2011,212.35
Edinburgh,2012,209.82
Edinburgh,2013,207.17
Edinburgh,2014,204.42
Seattle,2000,117.45
Seattle,2001,116.04
Seattle,2002,114.65
Seattle,2003,113.27
Seattle,2004,111.91
Seattle,2005,110.56
Seattle,2006,109.23
Seattle,2007,107.92
Seattle,2008,106.62
Seattle,2009,105.33
Seattle,2010,104.06
Seattle,2011,102.81
Seattle,2012,101.57
Seattle,2013,100.34
Seattle,2014,99.13
Portland,2000,500.16
Portland,2001,493.06
Portland,2002,486.05
Portland,2003,479.13
Portland,2004,472.3
Portland,2005,465.56
Portland,2006,458.91
Portland,2007,452.35
Portland,2008,445.87
Portland,2009,439.48
Portland,2010,433.17
Portland,2011,426.95
Portland,2012,420.81
Portland,2013,414.75
Portland,2014,408.76
Minneapolis,2000,3243.19
Minneapolis,2001,3212.69
Minneapolis,2002,3182.14
Minneapolis,2003,3151.55
Minneapolis,2004,3120.91
Minneapolis,2005,3090.22
Minneapolis,2006,3059.49
Minneapolis,2007,3028.73
Minneapolis,2008,2997.93
Minneapolis,2009,2967.11
Minneapolis,2010,2936.25
Minneapolis,2011,2905.37
Minneapolis,2012,2874.47
Minneapolis,2013,2843.55
Minneapolis,2014,2812.62
Milwaukee,2000,1649.77
Milwaukee,2001,1643.93
Milwaukee,2002,1638.09
Milwaukee,2003,1632.24
Milwaukee,2004,1626.39
Milwaukee,2005,1620.55
Milwaukee,2006,1614.69
Milwaukee,2007,1608.84
Milwaukee,2008,1602.99
Milwaukee,2009,1597.13
Milwaukee,2010,1591.27
Milwaukee,2011,1585.41
Milwaukee,2012,1579.55
Milwaukee,2013,1573.69
Milwaukee,2014,1567.82
Madison,2000,5633.18
Madison,2001,5561.09
Madison,2002,5489.91
Madison,2003,5419.63
Madison,2004,5350.23
Madison,2005,5281.69
Madison,2006,5214.03
Madison,2007,5147.22
Madison,2008,5081.25
Madison,2009,5016.11
Madison,2010,4951.79
Madison,2011,4888.28
Madison,2012,4825.58
Madison,2013,4763.67
Madison,2014,4702.53
Buffalo,2000,2257.0
Buffalo,2001,2263.8
Buffalo,2002,2270.61
Buffalo,2003,2277.43
Buffalo,2004,2284.28
Buffalo,2005,2291.15
Buffalo,2006,2298.04
Buffalo,2007,2304.94
Buffalo,2008,2311.87
Buffalo,2009,2318.82
Buffalo,2010,2325.78
Buffalo,2011,2332.77
Buffalo,2012,2339.77
Buffalo,2013,2346.8
Buffalo,2014,2353.84
Grand Rapids,2000,2940.3
Grand Rapids,2001,2926.2
Grand Rapids,2002,2912.17
Grand Rapids,2003,2898.2
Grand Rapids,2004,2884.3
Grand Rapids,2005,2870.46
Grand Rapids,2006,2856.7
Grand Rapids,2007,2843.0
Grand Rapids,2008,2829.36
Grand Rapids,2009,2815.79
Grand Rapids,2010,2802.29
Grand Rapids,2011,2788.85
Grand Rapids,2012,2775.47
Grand Rapids,2013,2762.16
Grand Rapids,2014,2748.92
Albany,2000,1939.5
Albany,2001,1929.32
Albany,2002,1919.18
Albany,2003,1909.08
Albany,2004,1899.03
Albany,2005,1889.03
Albany,2006,1879.06
Albany,2007,1869.14
Albany,2008,1859.26
Albany,2009,1849.42
Albany,2010,1839.63
Albany,2011,1829.88
Albany,2012,1820.17
Albany,2013,1810.5
Albany,2014,1800.88
Detroit,2000,518.61
Detroit,2001,521.12
Detroit,2002,523.61
Detroit,2003,526.08
Detroit,2004,528.53
Detroit,2005,530.95
Detroit,2006,533.35
Detroit,2007,535.73
Detroit,2008,538.08
Detroit,2009,540.41
Detroit,2010,542.71
Detroit,2011,544.99
Detroit,2012,547.25
Detroit,2013,549.47
Detroit,2014,551.67
Boston,2000,89.84
Boston,2001,89.57
Boston,2002,89.29
Boston,2003,89.02
Boston,2004,88.75
Boston,2005,88.47
Boston,2006,88.2
Boston,2007,87.93
Boston,2008,87.66
Boston,2009,87.39
Boston,2010,87.12
Boston,2011,86.85
Boston,2012,86.59
Boston,2013,86.32
Boston,2014,86.06
Chicago,2000,436.45
Chicago,2001,435.03
Chicago,2002,433.56
Chicago,2003,432.03
Chicago,2004,430.45
Chicago,2005,428.81
Chicago,2006,427.11
Chicago,2007,425.36
Chicago,2008,423.54
Chicago,2009,421.66
Chicago,2010,419.72
Chicago,2011,417.71
Chicago,2012,415.63
Chicago,2013,413.49
Chicago,2014,411.29
Providence,2000,123.53
Providence,2001,123.48
Providence,2002,123.43
Providence,2003,123.38
Providence,2004,123.33
Providence,2005,123.28
Providence,2006,123.23
Providence,2007,123.18
Providence,2008,123.13
Providence,2009,123.08
Providence,2010,123.03
Providence,2011,122.98
Providence,2012,122.93
Providence,2013,122.88
Providence,2014,122.84
Toledo (US),2000,556.16
Toledo (US),2001,557.8
Toledo (US),2002,559.45
Toledo (US),2003,561.11
Toledo (US),2004,562.77
Toledo (US),2005,564.43
Toledo (US),2006,566.1
Toledo (US),2007,567.77
Toledo (US),2008,569.45
Toledo (US),2009,571.14
Toledo (US),2010,572.82
Toledo (US),2011,574.52
Toledo (US),2012,576.22
Toledo (US),2013,577.92
Toledo (US),2014,579.63
Cleveland,2000,473.27
Cleveland,2001,476.67
Cleveland,2002,480.1
Cleveland,2003,483.54
Cleveland,2004,487.0
Cleveland,2005,490.48
Cleveland,2006,493.97
Cleveland,2007,497.49
Cleveland,2008,501.03
Cleveland,2009,504.59
Cleveland,2010,508.16
Cleveland,2011,511.75
Cleveland,2012,515.37
Cleveland,2013,519.0
Cleveland,2014,522.65
Des Moines,2000,5888.58
Des Moines,2001,5797.73
Des Moines,2002,5707.66
Des Moines,2003,5618.39
Des Moines,2004,5529.86
Des Moines,2005,5442.12
Des Moines,2006,5355.11
Des Moines,2007,5268.85
Des Moines,2008,5183.34
Des Moines,2009,5098.57
Des Moines,2010,5014.52
Des Moines,2011,4931.2
Des Moines,2012,4848.59
Des Moines,2013,4766.7
Des Moines,2014,4685.52
Omaha,2000,832.84
Omaha,2001,823.04
Omaha,2002,813.31
Omaha,2003,803.66
Omaha,2004,794.08
Omaha,2005,784.58
Omaha,2006,775.16
Omaha,2007,765.81
Omaha,2008,756.54
Omaha,2009,747.35
Omaha,2010,738.23
Omaha,2011,729.18
Omaha,2012,720.21
Omaha,2013,711.31
Omaha,2014,702.49
Akron,2000,1283.45
Akron,2001,1283.71
Akron,2002,1283.98
Akron,2003,1284.24
Akron,2004,1284.5
Akron,2005,1284.77
Akron,2006,1285.04
Akron,2007,1285.3
Akron,2008,1285.57
Akron,2009,1285.83
Akron,2010,1286.1
Akron,2011,1286.36
Akron,2012,1286.63
Akron,2013,1286.89
Akron,2014,1287.16
New York,2000,40.85
New York,2001,40.74
New York,2002,40.64
New York,2003,40.54
New York,2004,40.43
New York,2005,40.33
New York,2006,40.22
New York,2007,40.12
New York,2008,40.01
New York,2009,39.91
New York,2010,39.81
New York,2011,39.7
New York,2012,39.6
New York,2013,39.49
New York,2014,39.39
Salt Lake City,2000,649.88
Salt Lake City,2001,640.35
Salt Lake City,2002,630.94
Salt Lake City,2003,621.66
Salt Lake City,2004,612.51
Salt Lake City,2005,603.47
Salt Lake City,2006,594.56
Salt Lake City,2007,585.76
Salt Lake City,2008,577.08
Salt Lake City,2009,568.51
Salt Lake City,2010,560.06
Salt Lake City,2011,551.72
Salt Lake City,2012,543.49
Salt Lake City,2013,535.37
Salt Lake City,2014,527.36
Pittsburgh,2000,588.54
Pittsburgh,2001,591.28
Pittsburgh,2002,594.04
Pittsburgh,2003,596.81
Pittsburgh,2004,599.59
Pittsburgh,2005,602.39
Pittsburgh,2006,605.19
Pittsburgh,2007,608.01
Pittsburgh,2008,610.85
Pittsburgh,2009,613.7
Pittsburgh,2010,616.56
Pittsburgh,2011,619.43
Pittsburgh,2012,622.32
Pittsburgh,2013,625.22
Pittsburgh,2014,628.13
Harrisburg,2000,4107.97
Harrisburg,2001,4076.77
Harrisburg,2002,4045.78
Harrisburg,2003,4015.02
Harrisburg,2004,3984.48
Harrisburg,2005,3954.16
Harrisburg,2006,3924.07
Harrisburg,2007,3894.18
Harrisburg,2008,3864.52
Harrisburg,2009,3835.07
Harrisburg,2010,3805.83
Harrisburg,2011,3776.81
Harrisburg,2012,3747.98
Harrisburg,2013,3719.38
Harrisburg,2014,3690.98
Philadelphia,2000,386.38
Philadelphia,2001,385.42
Philadelphia,2002,384.46
Philadelphia,2003,383.5
Philadelphia,2004,382.54
Philadelphia,2005,381.59
Philadelphia,2006,380.63
Philadelphia,2007,379.67
Philadelphia,2008,378.71
Philadelphia,2009,377.76
Philadelphia,2010,376.8
Philadelphia,2011,375.85
Philadelphia,2012,374.89
Philadelphia,2013,373.94
Philadelphia,2014,372.98
Columbus,2000,1941.82
Columbus,2001,1917.93
Columbus,2002,1894.15
Columbus,2003,1870.48
Columbus,2004,1846.92
Columbus,2005,1823.45
Columbus,2006,1800.1
Columbus,2007,1776.84
Columbus,2008,1753.69
Columbus,2009,1730.63
Columbus,2010,1707.67
Columbus,2011,1684.81
Columbus,2012,1662.04
Columbus,2013,1639.37
Columbus,2014,1616.79
Denver,2000,5.81
Denver,2001,5.73
Denver,2002,5.64
Denver,2003,5.55
Denver,2004,5.47
Denver,2005,5.38
Denver,2006,5.3
Denver,2007,5.21
Denver,2008,5.13
Denver,2009,5.05
Denver,2010,4.96
Denver,2011,4.88
Denver,2012,4.8
Denver,2013,4.72
Denver,2014,4.64
Indianapolis,2000,1196.71
Indianapolis,2001,1180.17
Indianapolis,2002,1163.63
Indianapolis,2003,1147.12
Indianapolis,2004,1130.62
Indianapolis,2005,1114.15
Indianapolis,2006,1097.71
Indianapolis,2007,1081.29
Indianapolis,2008,1064.91
Indianapolis,2009,1048.57
Indianapolis,2010,1032.27
Indianapolis,2011,1016.01
Indianapolis,2012,999.8
Indianapolis,2013,983.64
Indianapolis,2014,967.54
Dayton,2000,1098.57
Dayton,2001,1100.32
Dayton,2002,1102.04
Dayton,2003,1103.73
Dayton,2004,1105.39
Dayton,2005,1107.02
Dayton,2006,1108.62
Dayton,2007,1110.18
Dayton,2008,1111.72
Dayton,2009,1113.22
Dayton,2010,1114.69
Dayton,2011,1116.13
Dayton,2012,1117.53
Dayton,2013,1118.91
Dayton,2014,1120.24
Baltimore,2000,1036.21
Baltimore,2001,1031.8
Baltimore,2002,1027.35
Baltimore,2003,1022.87
Baltimore,2004,1018.37
Baltimore,2005,1013.83
Baltimore,2006,1009.25
Baltimore,2007,1004.65
Baltimore,2008,1000.03
Baltimore,2009,995.37
Baltimore,2010,990.68
Baltimore,2011,985.97
Baltimore,2012,981.23
Baltimore,2013,976.46
Baltimore,2014,971.67
Cincinnati,2000,3165.64
Cincinnati,2001,3149.15
Cincinnati,2002,3132.33
Cincinnati,2003,3115.18
Cincinnati,2004,3097.7
Cincinnati,2005,3079.88
Cincinnati,2006,3061.74
Cincinnati,2007,3043.28
Cincinnati,2008,3024.5
Cincinnati,2009,3005.38
Cincinnati,2010,2985.96
Cincinnati,2011,2966.23
Cincinnati,2012,2946.18
Cincinnati,2013,2925.82
Cincinnati,2014,2905.16
Washington,2000,1212.58
Washington,2001,1195.06
Washington,2002,1177.62
Washington,2003,1160.25
Washington,2004,1142.96
Washington,2005,1125.74
Washington,2006,1108.6
Washington,2007,1091.53
Washington,2008,1074.52
Washington,2009,1057.59
Washington,2010,1040.73
Washington,2011,1023.94
Washington,2012,1007.22
Washington,2013,990.57
Washington,2014,973.99
Kansas City,2000,4788.08
Kansas City,2001,4740.04
Kansas City,2002,4692.17
Kansas City,2003,4644.48
Kansas City,2004,4596.98
Kansas City,2005,4549.67
Kansas City,2006,4502.54
Kansas City,2007,4455.62
Kansas City,2008,4408.89
Kansas City,2009,4362.36
Kansas City,2010,4316.05
Kansas City,2011,4269.95
Kansas City,2012,4224.06
Kansas City,2013,4178.4
Kansas City,2014,4132.96
Colorado Springs,2000,19.17
Colorado Springs,2001,18.82
Colorado Springs,2002,18.48
Colorado Springs,2003,18.14
Colorado Springs,2004,17.81
Colorado Springs,2005,17.49
Colorado Springs,2006,17.17
Colorado Springs,2007,16.86
Colorado Springs,2008,16.56
Colorado Springs,2009,16.25
Colorado Springs,2010,15.96
Colorado Springs,2011,15.67
Colorado Springs,2012,15.38
Colorado Springs,2013,15.1
Colorado Springs,2014,14.83
Saint Louis (US),2000,1938.47
Saint Louis (US),2001,1931.52
Saint Louis (US),2002,1924.39
Saint Louis (US),2003,1917.09
Saint Louis (US),2004,1909.61
Saint Louis (US),2005,1901.95
Saint Louis (US),2006,1894.12
Saint Louis (US),2007,1886.11
Saint Louis (US),2008,1877.93
Saint Louis (US),2009,1869.58
Saint Louis (US),2010,1861.04
Saint Louis (US),2011,1852.34
Saint Louis (US),2012,1843.46
Saint Louis (US),2013,1834.41
Saint Louis (US),2014,1825.18
Sacramento/Roseville,2000,70.24
Sacramento/Roseville,2001,69.01
Sacramento/Roseville,2002,67.8
Sacramento/Roseville,2003,66.6
Sacramento/Roseville,2004,65.43
Sacramento/Roseville,2005,64.27
Sacramento/Roseville,2006,63.12
Sacramento/Roseville,2007,62.0
Sacramento/Roseville,2008,60.89
Sacramento/Roseville,2009,59.8
Sacramento/Roseville,2010,58.73
Sacramento/Roseville,2011,57.67
Sacramento/Roseville,2012,56.63
Sacramento/Roseville,2013,55.61
Sacramento/Roseville,2014,54.6
Louisville,2000,4613.85
Louisville,2001,4570.06
Louisville,2002,4526.49
Louisville,2003,4483.13
Louisville,2004,4440.02
Louisville,2005,4397.12
Louisville,2006,4354.44
Louisville,2007,4312.0
Louisville,2008,4269.76
Louisville,2009,4227.76
Louisville,2010,4185.96
Louisville,2011,4144.39
Louisville,2012,4103.04
Louisville,2013,4061.91
Louisville,2014,4020.98
San Francisco,2000,24.93
San Francisco,2001,24.8
San Francisco,2002,24.68
San Francisco,2003,24.55
San Francisco,2004,24.43
San Francisco,2005,24.31
San Francisco,2006,24.18
San Francisco,2007,24.06
San Francisco,2008,23.94
San Francisco,2009,23.82
San Francisco,2010,23.7
San Francisco,2011,23.58
San Francisco,2012,23.46
San Francisco,2013,23.34
San Francisco,2014,23.22
Wichita,2000,45.46
Wichita,2001,45.06
Wichita,2002,44.66
Wichita,2003,44.27
Wichita,2004,43.88
Wichita,2005,43.49
Wichita,2006,43.1
Wichita,2007,42.72
Wichita,2008,42.34
Wichita,2009,41.96
Wichita,2010,41.59
Wichita,2011,41.22
Wichita,2012,40.85
Wichita,2013,40.49
Wichita,2014,40.12
Richmond,2000,233.28
Richmond,2001,230.88
Richmond,2002,228.49
Richmond,2003,226.12
Richmond,2004,223.77
Richmond,2005,221.43
Richmond,2006,219.1
Richmond,2007,216.8
Richmond,2008,214.51
Richmond,2009,212.23
Richmond,2010,209.98
Richmond,2011,207.74
Richmond,2012,205.51
Richmond,2013,203.3
Richmond,2014,201.11
Norfolk-Portsmouth-Chesapeake-Virginia beach,2000,797.93
Norfolk-Portsmouth-Chesapeake-Virginia beach,2001,793.59
Norfolk-Portsmouth-Chesapeake-Virginia beach,2002,789.23
Norfolk-Portsmouth-Chesapeake-Virginia beach,2003,784.85
Norfolk-Portsmouth-Chesapeake-Virginia beach,2004,780.46
Norfolk-Portsmouth-Chesapeake-Virginia beach,2005,776.04
Norfolk-Portsmouth-Chesapeake-Virginia beach,2006,771.61
Norfolk-Portsmouth-Chesapeake-Virginia beach,2007,767.16
Norfolk-Portsmouth-Chesapeake-Virginia beach,2008,762.69
Norfolk-Portsmouth-Chesapeake-Virginia beach,2009,758.2
Norfolk-Portsmouth-Chesapeake-Virginia beach,2010,753.69
Norfolk-Portsmouth-Chesapeake-Virginia beach,2011,749.17
Norfolk-Portsmouth-Chesapeake-Virginia beach,2012,744.63
Norfolk-Portsmouth-Chesapeake-Virginia beach,2013,740.07
Norfolk-Portsmouth-Chesapeake-Virginia beach,2014,735.49
Fresno,2000,94.94
Fresno,2001,93.44
Fresno,2002,91.96
Fresno,2003,90.51
Fresno,2004,89.08
Fresno,2005,87.68
Fresno,2006,86.29
Fresno,2007,84.93
Fresno,2008,83.58
Fresno,2009,82.26
Fresno,2010,80.96
Fresno,2011,79.68
Fresno,2012,78.42
Fresno,2013,77.18
Fresno,2014,75.96
Las Vegas,2000,2.29
Las Vegas,2001,2.21
Las Vegas,2002,2.13
Las Vegas,2003,2.06
Las Vegas,2004,1.99
Las Vegas,2005,1.92
Las Vegas,2006,1.86
Las Vegas,2007,1.79
Las Vegas,2008,1.73
Las Vegas,2009,1.67
Las Vegas,2010,1.61
Las Vegas,2011,1.56
Las Vegas,2012,1.51
Las Vegas,2013,1.45
Las Vegas,2014,1.4
Nashville,2000,5108.66
Nashville,2001,5026.31
Nashville,2002,4944.83
Nashville,2003,4864.25
Nashville,2004,4784.54
Nashville,2005,4705.71
Nashville,2006,4627.74
Nashville,2007,4550.63
Nashville,2008,4474.39
Nashville,2009,4399.0
Nashville,2010,4324.47
Nashville,2011,4250.78
Nashville,2012,4177.93
Nashville,2013,4105.92
Nashville,2014,4034.75
Tulsa,2000,2356.53
Tulsa,2001,2336.81
Tulsa,2002,2317.16
Tulsa,2003,2297.59
Tulsa,2004,2278.11
Tulsa,2005,2258.7
Tulsa,2006,2239.37
Tulsa,2007,2220.13
Tulsa,2008,2200.96
Tulsa,2009,2181.87
Tulsa,2010,2162.86
Tulsa,2011,2143.93
Tulsa,2012,2125.07
Tulsa,2013,2106.3
Tulsa,2014,2087.61
Raleigh,2000,2325.22
Raleigh,2001,2245.41
Raleigh,2002,2168.33
Raleigh,2003,2093.87
Raleigh,2004,2021.96
Raleigh,2005,1952.5
Raleigh,2006,1885.41
Raleigh,2007,1820.62
Raleigh,2008,1758.04
Raleigh,2009,1697.59
Raleigh,2010,1639.21
Raleigh,2011,1582.83
Raleigh,2012,1528.38
Raleigh,2013,1475.78
Raleigh,2014,1424.99
Oklahoma city,2000,150.3
Oklahoma city,2001,148.33
Oklahoma city,2002,146.37
Oklahoma city,2003,144.43
Oklahoma city,2004,142.52
Oklahoma city,2005,140.62
Oklahoma city,2006,138.74
Oklahoma city,2007,136.87
Oklahoma city,2008,135.03
Oklahoma city,2009,133.21
Oklahoma city,2010,131.4
Oklahoma city,2011,129.61
Oklahoma city,2012,127.84
Oklahoma city,2013,126.09
Oklahoma city,2014,124.36
Charlotte,2000,1073.53
Charlotte,2001,1040.72
Charlotte,2002,1008.87
Charlotte,2003,977.94
Charlotte,2004,947.91
Charlotte,2005,918.76
Charlotte,2006,890.46
Charlotte,2007,862.99
Charlotte,2008,836.32
Charlotte,2009,810.44
Charlotte,2010,785.31
Charlotte,2011,760.91
Charlotte,2012,737.24
Charlotte,2013,714.26
Charlotte,2014,691.96
Albuquerque,2000,83.26
Albuquerque,2001,81.67
Albuquerque,2002,80.1
Albuquerque,2003,78.57
Albuquerque,2004,77.05
Albuquerque,2005,75.57
Albuquerque,2006,74.1
Albuquerque,2007,72.66
Albuquerque,2008,71.24
Albuquerque,2009,69.85
Albuquerque,2010,68.48
Albuquerque,2011,67.13
Albuquerque,2012,65.81
Albuquerque,2013,64.51
Albuquerque,2014,63.22
Memphis,2000,3345.6
Memphis,2001,3318.4
Memphis,2002,3290.99
Memphis,2003,3263.36
Memphis,2004,3235.52
Memphis,2005,3207.46
Memphis,2006,3179.16
Memphis,2007,3150.65
Memphis,2008,3121.92
Memphis,2009,3092.96
Memphis,2010,3063.78
Memphis,2011,3034.37
Memphis,2012,3004.74
Memphis,2013,2974.89
Memphis,2014,2944.82
Little Rock,2000,3227.72
Little Rock,2001,3184.34
Little Rock,2002,3141.23
Little Rock,2003,3098.4
Little Rock,2004,3055.84
Little Rock,2005,3013.57
Little Rock,2006,2971.59
Little Rock,2007,2929.88
Little Rock,2008,2888.48
Little Rock,2009,2847.37
Little Rock,2010,2806.56
Little Rock,2011,2766.05
Little Rock,2012,2725.84
Little Rock,2013,2685.94
Little Rock,2014,2646.35
Los Angeles,2000,5.77
Los Angeles,2001,5.72
Los Angeles,2002,5.68
Los Angeles,2003,5.63
Los Angeles,2004,5.58
Los Angeles,2005,5.53
Los Angeles,2006,5.48
Los Angeles,2007,5.43
Los Angeles,2008,5.38
Los Angeles,2009,5.34
Los Angeles,2010,5.29
Los Angeles,2011,5.24
Los Angeles,2012,5.19
Los Angeles,2013,5.14
Los Angeles,2014,5.09
Columbia,2000,256.38
Columbia,2001,251.64
Columbia,2002,246.98
Columbia,2003,242.41
Columbia,2004,237.93
Columbia,2005,233.53
Columbia,2006,229.21
Columbia,2007,224.97
Columbia,2008,220.8
Columbia,2009,216.72
Columbia,2010,212.71
Columbia,2011,208.77
Columbia,2012,204.91
Columbia,2013,201.12
Columbia,2014,197.4
Atlanta,2000,129.68
Atlanta,2001,127.29
Atlanta,2002,124.92
Atlanta,2003,122.56
Atlanta,2004,120.23
Atlanta,2005,117.92
Atlanta,2006,115.63
Atlanta,2007,113.35
Atlanta,2008,111.1
Atlanta,2009,108.87
Atlanta,2010,106.66
Atlanta,2011,104.47
Atlanta,2012,102.31
Atlanta,2013,100.16
Atlanta,2014,98.04
Phoenix,2000,12.51
Phoenix,2001,12.24
Phoenix,2002,11.98
Phoenix,2003,11.72
Phoenix,2004,11.47
Phoenix,2005,11.22
Phoenix,2006,10.98
Phoenix,2007,10.74
Phoenix,2008,10.51
Phoenix,2009,10.29
Phoenix,2010,10.07
Phoenix,2011,9.85
Phoenix,2012,9.64
Phoenix,2013,9.43
Phoenix,2014,9.23
Birmingham (US),2000,1270.61
Birmingham (US),2001,1263.64
Birmingham (US),2002,1256.52
Birmingham (US),2003,1249.27
Birmingham (US),2004,1241.88
Birmingham (US),2005,1234.34
Birmingham (US),2006,1226.67
Birmingham (US),2007,1218.86
Birmingham (US),2008,1210.91
Birmingham (US),2009,1202.82
Birmingham (US),2010,1194.59
Birmingham (US),2011,1186.22
Birmingham (US),2012,1177.71
Birmingham (US),2013,1169.07
Birmingham (US),2014,1160.29
Dallas,2000,265.73
Dallas,2001,260.67
Dallas,2002,255.63
Dallas,2003,250.59
Dallas,2004,245.58
Dallas,2005,240.59
Dallas,2006,235.62
Dallas,2007,230.67
Dallas,2008,225.75
Dallas,2009,220.86
Dallas,2010,216.0
Dallas,2011,211.17
Dallas,2012,206.38
Dallas,2013,201.62
Dallas,2014,196.9
San Diego,2000,11.82
San Diego,2001,11.71
San Diego,2002,11.6
San Diego,2003,11.49
San Diego,2004,11.38
San Diego,2005,11.27
San Diego,2006,11.17
San Diego,2007,11.06
San Diego,2008,10.96
San Diego,2009,10.85
San Diego,2010,10.75
San Diego,2011,10.65
San Diego,2012,10.55
San Diego,2013,10.45
San Diego,2014,10.35
Fort Worth,2000,29.51
Fort Worth,2001,28.85
Fort Worth,2002,28.21
Fort Worth,2003,27.57
Fort Worth,2004,26.96
Fort Worth,2005,26.35
Fort Worth,2006,25.76
Fort Worth,2007,25.18
Fort Worth,2008,24.62
Fort Worth,2009,24.07
Fort Worth,2010,23.53
Fort Worth,2011,23.0
Fort Worth,2012,22.49
Fort Worth,2013,21.98
Fort Worth,2014,21.49
Charleston,2000,551.67
Charleston,2001,541.41
Charleston,2002,531.3
Charleston,2003,521.34
Charleston,2004,511.54
Charleston,2005,501.88
Charleston,2006,492.36
Charleston,2007,482.99
Charleston,2008,473.77
Charleston,2009,464.68
Charleston,2010,455.73
Charleston,2011,446.93
Charleston,2012,438.25
Charleston,2013,429.72
Charleston,2014,421.31
Tucson,2000,1.27
Tucson,2001,1.25
Tucson,2002,1.23
Tucson,2003,1.22
Tucson,2004,1.2
Tucson,2005,1.18
Tucson,2006,1.16
Tucson,2007,1.15
Tucson,2008,1.13
Tucson,2009,1.11
Tucson,2010,1.09
Tucson,2011,1.08
Tucson,2012,1.06
Tucson,2013,1.05
Tucson,2014,1.03
El Paso,2000,4.4
El Paso,2001,4.33
El Paso,2002,4.26
El Paso,2003,4.19
El Paso,2004,4.12
El Paso,2005,4.06
El Paso,2006,3.99
El Paso,2007,3.92
El Paso,2008,3.86
El Paso,2009,3.8
El Paso,2010,3.74
El Paso,2011,3.68
El Paso,2012,3.62
El Paso,2013,3.56
El Paso,2014,3.5
Baton Rouge,2000,934.09
Baton Rouge,2001,924.76
Baton Rouge,2002,915.42
Baton Rouge,2003,906.07
Baton Rouge,2004,896.72
Baton Rouge,2005,887.36
Baton Rouge,2006,878.0
Baton Rouge,2007,868.63
Baton Rouge,2008,859.25
Baton Rouge,2009,849.88
Baton Rouge,2010,840.5
Baton Rouge,2011,831.11
Baton Rouge,2012,821.73
Baton Rouge,2013,812.35
Baton Rouge,2014,802.96
Austin,2000,221.4
Austin,2001,214.65
Austin,2002,208.07
Austin,2003,201.66
Austin,2004,195.41
Austin,2005,189.33
Austin,2006,183.4
Austin,2007,177.63
Austin,2008,172.01
Austin,2009,166.54
Austin,2010,161.22
Austin,2011,156.03
Austin,2012,150.99
Austin,2013,146.08
Austin,2014,141.31
Jacksonville,2000,193.68
Jacksonville,2001,190.32
Jacksonville,2002,187.0
Jacksonville,2003,183.71
Jacksonville,2004,180.45
Jacksonville,2005,177.23
Jacksonville,2006,174.04
Jacksonville,2007,170.88
Jacksonville,2008,167.75
Jacksonville,2009,164.66
Jacksonville,2010,161.6
Jacksonville,2011,158.57
Jacksonville,2012,155.58
Jacksonville,2013,152.62
Jacksonville,2014,149.69
New Orleans,2000,178.6
New Orleans,2001,181.1
New Orleans,2002,183.55
New Orleans,2003,185.94
New Orleans,2004,188.27
New Orleans,2005,190.53
New Orleans,2006,192.72
New Orleans,2007,194.85
New Orleans,2008,196.9
New Orleans,2009,198.89
New Orleans,2010,200.79
New Orleans,2011,202.62
New Orleans,2012,204.37
New Orleans,2013,206.04
New Orleans,2014,207.63
Houston,2000,821.79
Houston,2001,803.32
Houston,2002,785.19
Houston,2003,767.38
Houston,2004,749.9
Houston,2005,732.73
Houston,2006,715.86
Houston,2007,699.31
Houston,2008,683.05
Houston,2009,667.09
Houston,2010,651.43
Houston,2011,636.05
Houston,2012,620.95
Houston,2013,606.13
Houston,2014,591.59
San Antonio,2000,172.18
San Antonio,2001,168.38
San Antonio,2002,164.66
San Antonio,2003,161.02
San Antonio,2004,157.45
San Antonio,2005,153.96
San Antonio,2006,150.54
San Antonio,2007,147.19
San Antonio,2008,143.91
San Antonio,2009,140.7
San Antonio,2010,137.56
San Antonio,2011,134.49
San Antonio,2012,131.48
San Antonio,2013,128.53
San Antonio,2014,125.64
Orlando,2000,601.86
Orlando,2001,586.57
Orlando,2002,571.63
Orlando,2003,557.02
Orlando,2004,542.75
Orlando,2005,528.8
Orlando,2006,515.18
Orlando,2007,501.86
Orlando,2008,488.85
Orlando,2009,476.14
Orlando,2010,463.73
Orlando,2011,451.6
Orlando,2012,439.76
Orlando,2013,428.19
Orlando,2014,416.9
Clearwater/Saint Petersburg,2000,303.79
Clearwater/Saint Petersburg,2001,301.42
Clearwater/Saint Petersburg,2002,299.01
Clearwater/Saint Petersburg,2003,296.57
Clearwater/Saint Petersburg,2004,294.09
Clearwater/Saint Petersburg,2005,291.58
Clearwater/Saint Petersburg,2006,289.03
Clearwater/Saint Petersburg,2007,286.44
Clearwater/Saint Petersburg,2008,283.83
Clearwater/Saint Petersburg,2009,281.18
Clearwater/Saint Petersburg,2010,278.5
Clearwater/Saint Petersburg,2011,275.78
Clearwater/Saint Petersburg,2012,273.04
Clearwater/Saint Petersburg,2013,270.27
Clearwater/Saint Petersburg,2014,267.46
Tampa,2000,568.37
Tampa,2001,556.7
Tampa,2002,545.27
Tampa,2003,534.08
Tampa,2004,523.11
Tampa,2005,512.37
Tampa,2006,501.85
Tampa,2007,491.55
Tampa,2008,481.46
Tampa,2009,471.58
Tampa,2010,461.89
Tampa,2011,452.41
Tampa,2012,443.12
Tampa,2013,434.03
Tampa,2014,425.12
Miami,2000,163.37
Miami,2001,161.66
Miami,2002,159.97
Miami,2003,158.29
Miami,2004,156.63
Miami,2005,154.99
Miami,2006,153.36
Miami,2007,151.75
Miami,2008,150.16
Miami,2009,148.58
Miami,2010,147.01
Miami,2011,145.46
Miami,2012,143.93
Miami,2013,142.41
Miami,2014,140.9
Mcallen,2000,190.36
Mcallen,2001,184.59
Mcallen,2002,178.99
Mcallen,2003,173.57
Mcallen,2004,168.3
Mcallen,2005,163.2
Mcallen,2006,158.25
Mcallen,2007,153.45
Mcallen,2008,148.8
Mcallen,2009,144.29
Mcallen,2010,139.92
Mcallen,2011,135.67
Mcallen,2012,131.56
Mcallen,2013,127.57
Mcallen,2014,123.7
United States,2000,
United States,2001,
United States,2002,
United States,2003,
United States,2004,
United States,2005,
United States,2006,
United States,2007,
United States,2008,
United States,2009,
United States,2010,
United States,2011,
United States,2012,
United States,2013,
United States,2014,
