Metropolitan areas,Year,POP_DENS
Vienna,2000,267.27
Vienna,2001,269.9
Vienna,2002,272.56
Vienna,2003,275.26
Vienna,2004,277.99
Vienna,2005,280.75
Vienna,2006,283.54
Vienna,2007,286.38
Vienna,2008,289.24
Vienna,2009,292.15
Vienna,2010,295.09
Vienna,2011,298.07
Vienna,2012,301.08
Vienna,2013,304.14
Vienna,2014,307.23
Graz,2000,179.92
Graz,2001,181.59
Graz,2002,183.28
Graz,2003,185.01
Graz,2004,186.76
Graz,2005,188.55
Graz,2006,190.36
Graz,2007,192.2
Graz,2008,194.07
Graz,2009,195.97
Graz,2010,197.91
Graz,2011,199.87
Graz,2012,201.87
Graz,2013,203.9
Graz,2014,205.96
Linz,2000,165.29
Linz,2001,165.94
Linz,2002,166.6
Linz,2003,167.27
Linz,2004,167.94
Linz,2005,168.62
Linz,2006,169.31
Linz,2007,170.0
Linz,2008,170.7
Linz,2009,171.41
Linz,2010,172.12
Linz,2011,172.84
Linz,2012,173.57
Linz,2013,174.31
Linz,2014,175.05
Australia,2000,2.47
Australia,2001,2.5
Australia,2002,2.53
Australia,2003,2.56
Australia,2004,2.59
Australia,2005,2.62
Australia,2006,2.65
Australia,2007,2.7
Australia,2008,2.76
Australia,2009,2.82
Australia,2010,2.86
Australia,2011,2.9
Australia,2012,2.95
Australia,2013,3.0
Australia,2014,3.05
Sydney,2000,332.15
Sydney,2001,335.48
Sydney,2002,338.18
Sydney,2003,340.38
Sydney,2004,342.2
Sydney,2005,344.88
Sydney,2006,348.04
Sydney,2007,353.71
Sydney,2008,360.58
Sydney,2009,367.35
Sydney,2010,372.51
Sydney,2011,376.88
Sydney,2012,382.38
Sydney,2013,388.94
Sydney,2014,395.83
Melbourne,2000,342.35
Melbourne,2001,346.45
Melbourne,2002,350.93
Melbourne,2003,355.73
Melbourne,2004,360.47
Melbourne,2005,365.96
Melbourne,2006,372.23
Melbourne,2007,380.25
Melbourne,2008,389.13
Melbourne,2009,399.06
Melbourne,2010,406.39
Melbourne,2011,412.67
Melbourne,2012,420.9
Melbourne,2013,430.03
Melbourne,2014,439.49
Brisbane,2000,107.48
Brisbane,2001,109.67
Brisbane,2002,112.4
Brisbane,2003,115.31
Brisbane,2004,118.09
Brisbane,2005,120.85
Brisbane,2006,123.58
Brisbane,2007,126.86
Brisbane,2008,130.31
Brisbane,2009,133.95
Brisbane,2010,136.53
Brisbane,2011,139.07
Brisbane,2012,142.04
Brisbane,2013,144.8
Brisbane,2014,147.3
Perth,2000,226.8
Perth,2001,230.66
Perth,2002,233.7
Perth,2003,237.11
Perth,2004,240.94
Perth,2005,244.87
Perth,2006,249.93
Perth,2007,258.1
Perth,2008,266.72
Perth,2009,275.67
Perth,2010,282.29
Perth,2011,290.6
Perth,2012,301.9
Perth,2013,312.68
Perth,2014,320.34
Adelaide,2000,351.6
Adelaide,2001,354.42
Adelaide,2002,356.57
Adelaide,2003,358.82
Adelaide,2004,360.76
Adelaide,2005,363.48
Adelaide,2006,367.15
Adelaide,2007,371.77
Adelaide,2008,376.5
Adelaide,2009,382.01
Adelaide,2010,386.87
Adelaide,2011,390.26
Adelaide,2012,394.74
Adelaide,2013,398.68
Adelaide,2014,402.78
Gold Coast-Tweed Heads,2000,210.14
Gold Coast-Tweed Heads,2001,215.44
Gold Coast-Tweed Heads,2002,223.89
Gold Coast-Tweed Heads,2003,233.07
Gold Coast-Tweed Heads,2004,240.72
Gold Coast-Tweed Heads,2005,247.88
Gold Coast-Tweed Heads,2006,255.41
Gold Coast-Tweed Heads,2007,264.93
Gold Coast-Tweed Heads,2008,273.1
Gold Coast-Tweed Heads,2009,281.12
Gold Coast-Tweed Heads,2010,286.92
Gold Coast-Tweed Heads,2011,291.96
Gold Coast-Tweed Heads,2012,298.46
Gold Coast-Tweed Heads,2013,304.31
Gold Coast-Tweed Heads,2014,309.35
Austria,2000,97.04
Austria,2001,97.27
Austria,2002,97.79
Austria,2003,98.24
Austria,2004,98.76
Austria,2005,99.47
Austria,2006,100.11
Austria,2007,100.46
Austria,2008,100.78
Austria,2009,101.11
Austria,2010,101.33
Austria,2011,101.62
Austria,2012,102.03
Austria,2013,102.56
Austria,2014,103.23
Brussels,2000,689.41
Brussels,2001,696.17
Brussels,2002,703.01
Brussels,2003,709.94
Brussels,2004,716.96
Brussels,2005,724.08
Brussels,2006,731.28
Brussels,2007,738.59
Brussels,2008,745.99
Brussels,2009,753.49
Brussels,2010,761.09
Brussels,2011,768.79
Brussels,2012,776.59
Brussels,2013,784.5
Brussels,2014,792.51
Antwerp,2000,844.6
Antwerp,2001,850.03
Antwerp,2002,855.51
Antwerp,2003,861.05
Antwerp,2004,866.63
Antwerp,2005,872.26
Antwerp,2006,877.94
Antwerp,2007,883.68
Antwerp,2008,889.46
Antwerp,2009,895.3
Antwerp,2010,901.19
Antwerp,2011,907.13
Antwerp,2012,913.13
Antwerp,2013,919.18
Antwerp,2014,925.29
Ghent,2000,530.14
Ghent,2001,533.65
Ghent,2002,537.19
Ghent,2003,540.76
Ghent,2004,544.35
Ghent,2005,547.98
Ghent,2006,551.64
Ghent,2007,555.33
Ghent,2008,559.04
Ghent,2009,562.79
Ghent,2010,566.57
Ghent,2011,570.38
Ghent,2012,574.22
Ghent,2013,578.09
Ghent,2014,582.0
Liege,2000,491.13
Liege,2001,493.32
Liege,2002,495.52
Liege,2003,497.73
Liege,2004,499.97
Liege,2005,502.21
Liege,2006,504.47
Liege,2007,506.75
Liege,2008,509.04
Liege,2009,511.35
Liege,2010,513.67
Liege,2011,516.01
Liege,2012,518.37
Liege,2013,520.74
Liege,2014,523.12
Belgium,2000,337.61
Belgium,2001,338.41
Belgium,2002,339.94
Belgium,2003,341.46
Belgium,2004,342.8
Belgium,2005,344.43
Belgium,2006,346.59
Belgium,2007,349.0
Belgium,2008,351.72
Belgium,2009,354.56
Belgium,2010,356.86
Belgium,2011,361.12
Belgium,2012,363.91
Belgium,2013,366.01
Belgium,2014,369.45
Canada,2000,3.37
Canada,2001,3.41
Canada,2002,3.45
Canada,2003,3.48
Canada,2004,3.51
Canada,2005,3.55
Canada,2006,3.58
Canada,2007,3.62
Canada,2008,3.66
Canada,2009,3.7
Canada,2010,3.74
Canada,2011,3.78
Canada,2012,3.82
Canada,2013,3.87
Canada,2014,3.91
Edmonton,2000,47.46
Edmonton,2001,48.51
Edmonton,2002,49.45
Edmonton,2003,50.41
Edmonton,2004,51.39
Edmonton,2005,52.39
Edmonton,2006,53.41
Edmonton,2007,54.76
Edmonton,2008,56.15
Edmonton,2009,57.58
Edmonton,2010,59.05
Edmonton,2011,60.56
Edmonton,2012,61.93
Edmonton,2013,63.34
Edmonton,2014,64.77
Calgary,2000,78.17
Calgary,2001,80.25
Calgary,2002,82.37
Calgary,2003,84.55
Calgary,2004,86.79
Calgary,2005,89.09
Calgary,2006,91.46
Calgary,2007,93.96
Calgary,2008,96.53
Calgary,2009,99.18
Calgary,2010,101.91
Calgary,2011,104.73
Calgary,2012,107.6
Calgary,2013,110.56
Calgary,2014,113.61
Winnipeg,2000,33.89
Winnipeg,2001,34.2
Winnipeg,2002,34.4
Winnipeg,2003,34.61
Winnipeg,2004,34.82
Winnipeg,2005,35.03
Winnipeg,2006,35.24
Winnipeg,2007,35.67
Winnipeg,2008,36.11
Winnipeg,2009,36.55
Winnipeg,2010,37.01
Winnipeg,2011,37.47
Winnipeg,2012,37.81
Winnipeg,2013,38.16
Winnipeg,2014,38.52
Vancouver,2000,389.4
Vancouver,2001,395.69
Vancouver,2002,400.83
Vancouver,2003,406.06
Vancouver,2004,411.37
Vancouver,2005,416.77
Vancouver,2006,422.26
Vancouver,2007,430.57
Vancouver,2008,439.07
Vancouver,2009,447.78
Vancouver,2010,456.69
Vancouver,2011,465.82
Vancouver,2012,473.62
Vancouver,2013,481.58
Vancouver,2014,489.7
Quebec,2000,119.21
Quebec,2001,120.64
Quebec,2002,121.59
Quebec,2003,122.56
Quebec,2004,123.53
Quebec,2005,124.52
Quebec,2006,125.52
Quebec,2007,127.57
Quebec,2008,129.67
Quebec,2009,131.81
Quebec,2010,133.99
Quebec,2011,136.23
Quebec,2012,137.93
Quebec,2013,139.65
Quebec,2014,141.41
Montreal,2000,336.83
Montreal,2001,340.83
Montreal,2002,344.62
Montreal,2003,348.49
Montreal,2004,352.44
Montreal,2005,356.48
Montreal,2006,360.61
Montreal,2007,365.39
Montreal,2008,370.27
Montreal,2009,375.26
Montreal,2010,380.35
Montreal,2011,385.56
Montreal,2012,390.55
Montreal,2013,395.65
Montreal,2014,400.85
Ottawa-Gatineau,2000,69.57
Ottawa-Gatineau,2001,70.61
Ottawa-Gatineau,2002,71.37
Ottawa-Gatineau,2003,72.15
Ottawa-Gatineau,2004,72.94
Ottawa-Gatineau,2005,73.74
Ottawa-Gatineau,2006,74.55
Ottawa-Gatineau,2007,75.96
Ottawa-Gatineau,2008,77.4
Ottawa-Gatineau,2009,78.87
Ottawa-Gatineau,2010,80.37
Ottawa-Gatineau,2011,81.9
Ottawa-Gatineau,2012,83.13
Ottawa-Gatineau,2013,84.39
Ottawa-Gatineau,2014,85.66
Toronto,2000,371.86
Toronto,2001,378.17
Toronto,2002,384.73
Toronto,2003,391.57
Toronto,2004,398.69
Toronto,2005,406.12
Toronto,2006,413.88
Toronto,2007,421.41
Toronto,2008,429.16
Toronto,2009,437.13
Toronto,2010,445.34
Toronto,2011,453.79
Toronto,2012,462.86
Toronto,2013,472.27
Toronto,2014,482.02
Hamilton,2000,216.47
Hamilton,2001,218.11
Hamilton,2002,219.48
Hamilton,2003,220.85
Hamilton,2004,222.24
Hamilton,2005,223.64
Hamilton,2006,225.06
Hamilton,2007,227.06
Hamilton,2008,229.08
Hamilton,2009,231.12
Hamilton,2010,233.18
Hamilton,2011,235.26
Hamilton,2012,237.05
Hamilton,2013,238.86
Hamilton,2014,240.69
Zurich,2000,947.78
Zurich,2001,955.06
Zurich,2002,962.44
Zurich,2003,969.94
Zurich,2004,977.54
Zurich,2005,985.26
Zurich,2006,993.1
Zurich,2007,1001.06
Zurich,2008,1009.12
Zurich,2009,1017.32
Zurich,2010,1025.64
Zurich,2011,1034.08
Zurich,2012,1042.66
Zurich,2013,1051.36
Zurich,2014,1060.2
Geneva,2000,440.13
Geneva,2001,445.32
Geneva,2002,450.74
Geneva,2003,456.37
Geneva,2004,462.19
Geneva,2005,468.22
Geneva,2006,474.43
Geneva,2007,480.84
Geneva,2008,487.41
Geneva,2009,494.18
Geneva,2010,501.13
Geneva,2011,508.25
Geneva,2012,515.57
Geneva,2013,523.07
Geneva,2014,530.77
Basel,2000,514.33
Basel,2001,516.38
Basel,2002,518.45
Basel,2003,520.54
Basel,2004,522.67
Basel,2005,524.82
Basel,2006,527.01
Basel,2007,529.22
Basel,2008,531.46
Basel,2009,533.73
Basel,2010,536.03
Basel,2011,538.36
Basel,2012,540.72
Basel,2013,543.12
Basel,2014,545.54
Switzerland,2000,179.13
Switzerland,2001,180.12
Switzerland,2002,181.41
Switzerland,2003,182.87
Switzerland,2004,184.12
Switzerland,2005,185.4
Switzerland,2006,186.5
Switzerland,2007,187.74
Switzerland,2008,189.86
Switzerland,2009,192.57
Switzerland,2010,194.67
Switzerland,2011,196.77
Switzerland,2012,198.89
Switzerland,2013,201.0
Switzerland,2014,203.51
Chile,2000,20.8
Chile,2001,21.04
Chile,2002,21.27
Chile,2003,21.51
Chile,2004,21.74
Chile,2005,21.98
Chile,2006,22.2
Chile,2007,22.42
Chile,2008,22.65
Chile,2009,22.87
Chile,2010,23.09
Chile,2011,23.3
Chile,2012,23.51
Chile,2013,23.72
Chile,2014,24.07
Valparaíso,2000,631.82
Valparaíso,2001,640.13
Valparaíso,2002,648.57
Valparaíso,2003,657.14
Valparaíso,2004,665.84
Valparaíso,2005,674.67
Valparaíso,2006,683.63
Valparaíso,2007,692.74
Valparaíso,2008,701.98
Valparaíso,2009,711.36
Valparaíso,2010,720.88
Valparaíso,2011,730.55
Valparaíso,2012,740.37
Valparaíso,2013,750.34
Valparaíso,2014,760.47
Santiago,2000,1279.8
Santiago,2001,1290.26
Santiago,2002,1301.1
Santiago,2003,1312.33
Santiago,2004,1323.96
Santiago,2005,1336.01
Santiago,2006,1348.49
Santiago,2007,1361.41
Santiago,2008,1374.78
Santiago,2009,1388.63
Santiago,2010,1402.98
Santiago,2011,1417.83
Santiago,2012,1433.21
Santiago,2013,1449.13
Santiago,2014,1465.62
Concepción,2000,444.94
Concepción,2001,447.42
Concepción,2002,450.0
Concepción,2003,452.68
Concepción,2004,455.46
Concepción,2005,458.34
Concepción,2006,461.32
Concepción,2007,464.42
Concepción,2008,467.63
Concepción,2009,470.96
Concepción,2010,474.41
Concepción,2011,477.98
Concepción,2012,481.69
Concepción,2013,485.54
Concepción,2014,489.53
Prague,2000,424.45
Prague,2001,428.1
Prague,2002,431.84
Prague,2003,435.68
Prague,2004,439.62
Prague,2005,443.66
Prague,2006,447.81
Prague,2007,452.09
Prague,2008,456.5
Prague,2009,461.03
Prague,2010,465.72
Prague,2011,470.57
Prague,2012,475.59
Prague,2013,480.81
Prague,2014,486.22
Brno,2000,264.46
Brno,2001,265.02
Brno,2002,265.59
Brno,2003,266.19
Brno,2004,266.79
Brno,2005,267.43
Brno,2006,268.07
Brno,2007,268.74
Brno,2008,269.42
Brno,2009,270.13
Brno,2010,270.86
Brno,2011,271.61
Brno,2012,272.38
Brno,2013,273.18
Brno,2014,273.99
Ostrava,2000,615.12
Ostrava,2001,614.12
Ostrava,2002,613.13
Ostrava,2003,612.16
Ostrava,2004,611.21
Ostrava,2005,610.26
Ostrava,2006,609.33
Ostrava,2007,608.41
Ostrava,2008,607.51
Ostrava,2009,606.62
Ostrava,2010,605.74
Ostrava,2011,604.88
Ostrava,2012,604.03
Ostrava,2013,603.19
Ostrava,2014,602.37
Czech Republic,2000,133.01
Czech Republic,2001,132.87
Czech Republic,2002,132.09
Czech Republic,2003,132.05
Czech Republic,2004,132.16
Czech Republic,2005,132.28
Czech Republic,2006,132.69
Czech Republic,2007,133.17
Czech Republic,2008,134.39
Czech Republic,2009,135.52
Czech Republic,2010,136.03
Czech Republic,2011,136.37
Czech Republic,2012,136.02
Czech Republic,2013,136.17
Czech Republic,2014,136.12
Berlin,2000,701.21
Berlin,2001,701.74
Berlin,2002,702.31
Berlin,2003,702.92
Berlin,2004,703.57
Berlin,2005,704.25
Berlin,2006,704.98
Berlin,2007,705.75
Berlin,2008,706.55
Berlin,2009,707.4
Berlin,2010,708.3
Berlin,2011,709.23
Berlin,2012,710.22
Berlin,2013,711.24
Berlin,2014,712.32
Hamburg,2000,508.7
Hamburg,2001,509.6
Hamburg,2002,510.51
Hamburg,2003,511.43
Hamburg,2004,512.36
Hamburg,2005,513.31
Hamburg,2006,514.26
Hamburg,2007,515.23
Hamburg,2008,516.21
Hamburg,2009,517.2
Hamburg,2010,518.21
Hamburg,2011,519.22
Hamburg,2012,520.25
Hamburg,2013,521.3
Hamburg,2014,522.35
Munich,2000,410.21
Munich,2001,414.35
Munich,2002,418.54
Munich,2003,422.79
Munich,2004,427.1
Munich,2005,431.47
Munich,2006,435.9
Munich,2007,440.38
Munich,2008,444.93
Munich,2009,449.54
Munich,2010,454.21
Munich,2011,458.94
Munich,2012,463.75
Munich,2013,468.61
Munich,2014,473.55
Cologne,2000,938.04
Cologne,2001,940.65
Cologne,2002,943.29
Cologne,2003,945.95
Cologne,2004,948.64
Cologne,2005,951.35
Cologne,2006,954.09
Cologne,2007,956.86
Cologne,2008,959.65
Cologne,2009,962.46
Cologne,2010,965.3
Cologne,2011,968.17
Cologne,2012,971.06
Cologne,2013,973.98
Cologne,2014,976.93
Frankfurt,2000,638.48
Frankfurt,2001,639.33
Frankfurt,2002,640.2
Frankfurt,2003,641.07
Frankfurt,2004,641.96
Frankfurt,2005,642.87
Frankfurt,2006,643.78
Frankfurt,2007,644.71
Frankfurt,2008,645.65
Frankfurt,2009,646.6
Frankfurt,2010,647.57
Frankfurt,2011,648.55
Frankfurt,2012,649.54
Frankfurt,2013,650.54
Frankfurt,2014,651.56
Essen,2000,2314.75
Essen,2001,2302.62
Essen,2002,2290.56
Essen,2003,2278.56
Essen,2004,2266.62
Essen,2005,2254.75
Essen,2006,2242.95
Essen,2007,2231.21
Essen,2008,2219.53
Essen,2009,2207.91
Essen,2010,2196.36
Essen,2011,2184.86
Essen,2012,2173.43
Essen,2013,2162.07
Essen,2014,2150.76
Stuttgart,2000,970.54
Stuttgart,2001,971.76
Stuttgart,2002,973.0
Stuttgart,2003,974.25
Stuttgart,2004,975.52
Stuttgart,2005,976.81
Stuttgart,2006,978.11
Stuttgart,2007,979.43
Stuttgart,2008,980.76
Stuttgart,2009,982.1
Stuttgart,2010,983.47
Stuttgart,2011,984.85
Stuttgart,2012,986.25
Stuttgart,2013,987.67
Stuttgart,2014,989.1
Leipzig,2000,405.7
Leipzig,2001,404.44
Leipzig,2002,403.22
Leipzig,2003,402.03
Leipzig,2004,400.88
Leipzig,2005,399.77
Leipzig,2006,398.69
Leipzig,2007,397.65
Leipzig,2008,396.65
Leipzig,2009,395.67
Leipzig,2010,394.73
Leipzig,2011,393.83
Leipzig,2012,392.95
Leipzig,2013,392.11
Leipzig,2014,391.3
Dresden,2000,475.05
Dresden,2001,476.13
Dresden,2002,477.25
Dresden,2003,478.42
Dresden,2004,479.63
Dresden,2005,480.88
Dresden,2006,482.16
Dresden,2007,483.49
Dresden,2008,484.85
Dresden,2009,486.26
Dresden,2010,487.71
Dresden,2011,489.19
Dresden,2012,490.71
Dresden,2013,492.28
Dresden,2014,493.88
Dortmund,2000,1592.62
Dortmund,2001,1583.19
Dortmund,2002,1573.86
Dortmund,2003,1564.63
Dortmund,2004,1555.48
Dortmund,2005,1546.42
Dortmund,2006,1537.45
Dortmund,2007,1528.57
Dortmund,2008,1519.77
Dortmund,2009,1511.06
Dortmund,2010,1502.43
Dortmund,2011,1493.89
Dortmund,2012,1485.43
Dortmund,2013,1477.05
Dortmund,2014,1468.74
Düsseldorf,2000,1262.95
Düsseldorf,2001,1262.61
Düsseldorf,2002,1262.29
Düsseldorf,2003,1261.99
Düsseldorf,2004,1261.72
Düsseldorf,2005,1261.47
Düsseldorf,2006,1261.24
Düsseldorf,2007,1261.04
Düsseldorf,2008,1260.86
Düsseldorf,2009,1260.7
Düsseldorf,2010,1260.57
Düsseldorf,2011,1260.46
Düsseldorf,2012,1260.37
Düsseldorf,2013,1260.31
Düsseldorf,2014,1260.27
Bremen,2000,321.84
Bremen,2001,321.93
Bremen,2002,322.03
Bremen,2003,322.12
Bremen,2004,322.22
Bremen,2005,322.32
Bremen,2006,322.43
Bremen,2007,322.54
Bremen,2008,322.65
Bremen,2009,322.76
Bremen,2010,322.88
Bremen,2011,323.0
Bremen,2012,323.13
Bremen,2013,323.26
Bremen,2014,323.39
Hanover,2000,400.28
Hanover,2001,399.79
Hanover,2002,399.31
Hanover,2003,398.83
Hanover,2004,398.35
Hanover,2005,397.88
Hanover,2006,397.42
Hanover,2007,396.96
Hanover,2008,396.51
Hanover,2009,396.07
Hanover,2010,395.63
Hanover,2011,395.19
Hanover,2012,394.76
Hanover,2013,394.34
Hanover,2014,393.92
Nuremberg,2000,372.11
Nuremberg,2001,372.25
Nuremberg,2002,372.4
Nuremberg,2003,372.55
Nuremberg,2004,372.71
Nuremberg,2005,372.87
Nuremberg,2006,373.03
Nuremberg,2007,373.2
Nuremberg,2008,373.37
Nuremberg,2009,373.54
Nuremberg,2010,373.72
Nuremberg,2011,373.91
Nuremberg,2012,374.1
Nuremberg,2013,374.29
Nuremberg,2014,374.49
Bochum,2000,2217.2
Bochum,2001,2196.56
Bochum,2002,2176.12
Bochum,2003,2155.88
Bochum,2004,2135.84
Bochum,2005,2115.99
Bochum,2006,2096.35
Bochum,2007,2076.9
Bochum,2008,2057.64
Bochum,2009,2038.57
Bochum,2010,2019.68
Bochum,2011,2000.99
Bochum,2012,1982.47
Bochum,2013,1964.14
Bochum,2014,1945.99
Freiburg im Breisgau,2000,334.07
Freiburg im Breisgau,2001,335.44
Freiburg im Breisgau,2002,336.83
Freiburg im Breisgau,2003,338.22
Freiburg im Breisgau,2004,339.61
Freiburg im Breisgau,2005,341.02
Freiburg im Breisgau,2006,342.44
Freiburg im Breisgau,2007,343.87
Freiburg im Breisgau,2008,345.31
Freiburg im Breisgau,2009,346.76
Freiburg im Breisgau,2010,348.22
Freiburg im Breisgau,2011,349.69
Freiburg im Breisgau,2012,351.17
Freiburg im Breisgau,2013,352.66
Freiburg im Breisgau,2014,354.16
Augsburg,2000,320.87
Augsburg,2001,321.9
Augsburg,2002,322.95
Augsburg,2003,324.0
Augsburg,2004,325.06
Augsburg,2005,326.13
Augsburg,2006,327.2
Augsburg,2007,328.29
Augsburg,2008,329.39
Augsburg,2009,330.5
Augsburg,2010,331.61
Augsburg,2011,332.74
Augsburg,2012,333.87
Augsburg,2013,335.02
Augsburg,2014,336.17
Bonn,2000,689.8
Bonn,2001,690.72
Bonn,2002,691.65
Bonn,2003,692.59
Bonn,2004,693.53
Bonn,2005,694.48
Bonn,2006,695.45
Bonn,2007,696.42
Bonn,2008,697.4
Bonn,2009,698.39
Bonn,2010,699.39
Bonn,2011,700.4
Bonn,2012,701.42
Bonn,2013,702.44
Bonn,2014,703.48
Karlsruhe,2000,504.3
Karlsruhe,2001,505.7
Karlsruhe,2002,507.11
Karlsruhe,2003,508.55
Karlsruhe,2004,509.98
Karlsruhe,2005,511.43
Karlsruhe,2006,512.9
Karlsruhe,2007,514.38
Karlsruhe,2008,515.86
Karlsruhe,2009,517.36
Karlsruhe,2010,518.87
Karlsruhe,2011,520.39
Karlsruhe,2012,521.93
Karlsruhe,2013,523.47
Karlsruhe,2014,525.03
Saarbrücken,2000,612.58
Saarbrücken,2001,607.66
Saarbrücken,2002,602.79
Saarbrücken,2003,597.97
Saarbrücken,2004,593.2
Saarbrücken,2005,588.48
Saarbrücken,2006,583.8
Saarbrücken,2007,579.17
Saarbrücken,2008,574.58
Saarbrücken,2009,570.05
Saarbrücken,2010,565.55
Saarbrücken,2011,561.1
Saarbrücken,2012,556.7
Saarbrücken,2013,552.33
Saarbrücken,2014,548.02
Duisburg,2000,1273.57
Duisburg,2001,1266.78
Duisburg,2002,1260.02
Duisburg,2003,1253.3
Duisburg,2004,1246.62
Duisburg,2005,1239.98
Duisburg,2006,1233.39
Duisburg,2007,1226.83
Duisburg,2008,1220.3
Duisburg,2009,1213.82
Duisburg,2010,1207.38
Duisburg,2011,1200.97
Duisburg,2012,1194.61
Duisburg,2013,1188.28
Duisburg,2014,1181.98
Mannheim,2000,651.12
Mannheim,2001,649.59
Mannheim,2002,648.08
Mannheim,2003,646.58
Mannheim,2004,645.1
Mannheim,2005,643.62
Mannheim,2006,642.16
Mannheim,2007,640.72
Mannheim,2008,639.29
Mannheim,2009,637.87
Mannheim,2010,636.46
Mannheim,2011,635.07
Mannheim,2012,633.7
Mannheim,2013,632.33
Mannheim,2014,630.98
Münster,2000,299.6
Münster,2001,301.48
Münster,2002,303.37
Münster,2003,305.3
Münster,2004,307.24
Münster,2005,309.2
Münster,2006,311.19
Münster,2007,313.2
Münster,2008,315.22
Münster,2009,317.28
Münster,2010,319.35
Münster,2011,321.45
Münster,2012,323.57
Münster,2013,325.71
Münster,2014,327.88
Aachen,2000,761.92
Aachen,2001,760.3
Aachen,2002,758.71
Aachen,2003,757.15
Aachen,2004,755.64
Aachen,2005,754.17
Aachen,2006,752.74
Aachen,2007,751.35
Aachen,2008,750.0
Aachen,2009,748.69
Aachen,2010,747.42
Aachen,2011,746.19
Aachen,2012,745.01
Aachen,2013,743.87
Aachen,2014,742.78
Germany,2000,230.14
Germany,2001,230.4
Germany,2002,230.91
Germany,2003,231.18
Germany,2004,231.15
Germany,2005,231.03
Germany,2006,230.86
Germany,2007,230.5
Germany,2008,230.23
Germany,2009,229.63
Germany,2010,229.06
Germany,2011,228.92
Germany,2012,229.18
Germany,2013,229.67
Germany,2014,226.16
Copenhagen,2000,467.08
Copenhagen,2001,469.01
Copenhagen,2002,470.96
Copenhagen,2003,472.93
Copenhagen,2004,474.92
Copenhagen,2005,476.93
Copenhagen,2006,478.96
Copenhagen,2007,481.0
Copenhagen,2008,483.07
Copenhagen,2009,485.16
Copenhagen,2010,487.27
Copenhagen,2011,489.4
Copenhagen,2012,491.55
Copenhagen,2013,493.72
Copenhagen,2014,495.92
Denmark,2000,123.67
Denmark,2001,124.12
Denmark,2002,124.56
Denmark,2003,124.92
Denmark,2004,125.24
Denmark,2005,125.56
Denmark,2006,125.94
Denmark,2007,126.39
Denmark,2008,127.05
Denmark,2009,127.88
Denmark,2010,128.42
Denmark,2011,129.44
Denmark,2012,129.9
Denmark,2013,130.42
Denmark,2014,130.99
Tallinn,2000,122.85
Tallinn,2001,122.83
Tallinn,2002,122.81
Tallinn,2003,122.79
Tallinn,2004,122.78
Tallinn,2005,122.76
Tallinn,2006,122.74
Tallinn,2007,122.73
Tallinn,2008,122.71
Tallinn,2009,122.7
Tallinn,2010,122.68
Tallinn,2011,122.67
Tallinn,2012,122.65
Tallinn,2013,122.64
Tallinn,2014,122.63
Madrid,2000,471.88
Madrid,2001,479.6
Madrid,2002,487.6
Madrid,2003,495.89
Madrid,2004,504.5
Madrid,2005,513.44
Madrid,2006,522.73
Madrid,2007,532.41
Madrid,2008,542.49
Madrid,2009,553.02
Madrid,2010,564.02
Madrid,2011,575.54
Madrid,2012,587.6
Madrid,2013,600.26
Madrid,2014,613.57
Barcelona,2000,2422.69
Barcelona,2001,2448.04
Barcelona,2002,2473.85
Barcelona,2003,2500.13
Barcelona,2004,2526.89
Barcelona,2005,2554.14
Barcelona,2006,2581.89
Barcelona,2007,2610.18
Barcelona,2008,2639.0
Barcelona,2009,2668.38
Barcelona,2010,2698.33
Barcelona,2011,2728.87
Barcelona,2012,2760.03
Barcelona,2013,2791.81
Barcelona,2014,2824.24
Valencia,2000,925.29
Valencia,2001,937.81
Valencia,2002,950.62
Valencia,2003,963.73
Valencia,2004,977.14
Valencia,2005,990.88
Valencia,2006,1004.95
Valencia,2007,1019.36
Valencia,2008,1034.12
Valencia,2009,1049.26
Valencia,2010,1064.78
Valencia,2011,1080.69
Valencia,2012,1097.02
Valencia,2013,1113.77
Valencia,2014,1130.97
Seville,2000,302.46
Seville,2001,305.86
Seville,2002,309.36
Seville,2003,312.95
Seville,2004,316.65
Seville,2005,320.45
Seville,2006,324.37
Seville,2007,328.4
Seville,2008,332.55
Seville,2009,336.83
Seville,2010,341.24
Seville,2011,345.8
Seville,2012,350.49
Seville,2013,355.35
Seville,2014,360.36
Zaragoza,2000,61.07
Zaragoza,2001,61.79
Zaragoza,2002,62.52
Zaragoza,2003,63.28
Zaragoza,2004,64.06
Zaragoza,2005,64.88
Zaragoza,2006,65.72
Zaragoza,2007,66.59
Zaragoza,2008,67.51
Zaragoza,2009,68.46
Zaragoza,2010,69.45
Zaragoza,2011,70.5
Zaragoza,2012,71.6
Zaragoza,2013,72.76
Zaragoza,2014,73.99
Málaga,2000,436.7
Málaga,2001,443.28
Málaga,2002,450.08
Málaga,2003,457.11
Málaga,2004,464.38
Málaga,2005,471.92
Málaga,2006,479.72
Málaga,2007,487.8
Málaga,2008,496.17
Málaga,2009,504.85
Málaga,2010,513.86
Málaga,2011,523.2
Málaga,2012,532.9
Málaga,2013,542.97
Málaga,2014,553.43
Las Palmas,2000,763.08
Las Palmas,2001,769.84
Las Palmas,2002,776.67
Las Palmas,2003,783.57
Las Palmas,2004,790.55
Las Palmas,2005,797.61
Las Palmas,2006,804.74
Las Palmas,2007,811.95
Las Palmas,2008,819.24
Las Palmas,2009,826.61
Las Palmas,2010,834.06
Las Palmas,2011,841.59
Las Palmas,2012,849.21
Las Palmas,2013,856.91
Las Palmas,2014,864.69
Bilbao,2000,845.4
Bilbao,2001,847.84
Bilbao,2002,850.38
Bilbao,2003,853.0
Bilbao,2004,855.71
Bilbao,2005,858.51
Bilbao,2006,861.42
Bilbao,2007,864.42
Bilbao,2008,867.53
Bilbao,2009,870.74
Bilbao,2010,874.06
Bilbao,2011,877.5
Bilbao,2012,881.05
Bilbao,2013,884.72
Bilbao,2014,888.52
Spain,2000,80.66
Spain,2001,81.05
Spain,2002,81.78
Spain,2003,83.36
Spain,2004,84.8
Spain,2005,86.29
Spain,2006,87.71
Spain,2007,89.26
Spain,2008,91.02
Spain,2009,92.15
Spain,2010,92.65
Spain,2011,93.01
Spain,2012,93.31
Spain,2013,93.13
Spain,2014,92.7
Estonia,2000,32.26
Estonia,2001,32.07
Estonia,2002,31.85
Estonia,2003,31.66
Estonia,2004,31.46
Estonia,2005,31.29
Estonia,2006,31.1
Estonia,2007,30.92
Estonia,2008,30.82
Estonia,2009,30.75
Estonia,2010,30.7
Estonia,2011,30.61
Estonia,2012,30.51
Estonia,2013,30.4
Estonia,2014,30.3
Helsinki,2000,213.6
Helsinki,2001,215.09
Helsinki,2002,216.6
Helsinki,2003,218.13
Helsinki,2004,219.67
Helsinki,2005,221.22
Helsinki,2006,222.79
Helsinki,2007,224.37
Helsinki,2008,225.97
Helsinki,2009,227.59
Helsinki,2010,229.21
Helsinki,2011,230.86
Helsinki,2012,232.52
Helsinki,2013,234.2
Helsinki,2014,235.89
Finland,2000,16.98
Finland,2001,17.01
Finland,2002,17.06
Finland,2003,17.1
Finland,2004,17.14
Finland,2005,17.2
Finland,2006,17.28
Finland,2007,17.35
Finland,2008,17.44
Finland,2009,17.53
Finland,2010,17.61
Finland,2011,17.69
Finland,2012,17.77
Finland,2013,17.86
Finland,2014,17.94
Paris,2000,903.63
Paris,2001,909.57
Paris,2002,915.6
Paris,2003,921.71
Paris,2004,927.92
Paris,2005,934.21
Paris,2006,940.61
Paris,2007,947.1
Paris,2008,953.7
Paris,2009,960.41
Paris,2010,967.23
Paris,2011,974.17
Paris,2012,981.23
Paris,2013,988.42
Paris,2014,995.74
Lyon,2000,478.37
Lyon,2001,482.25
Lyon,2002,486.18
Lyon,2003,490.16
Lyon,2004,494.2
Lyon,2005,498.28
Lyon,2006,502.42
Lyon,2007,506.62
Lyon,2008,510.87
Lyon,2009,515.18
Lyon,2010,519.55
Lyon,2011,523.97
Lyon,2012,528.46
Lyon,2013,533.01
Lyon,2014,537.62
Toulouse,2000,195.9
Toulouse,2001,199.12
Toulouse,2002,202.43
Toulouse,2003,205.82
Toulouse,2004,209.3
Toulouse,2005,212.87
Toulouse,2006,216.53
Toulouse,2007,220.3
Toulouse,2008,224.16
Toulouse,2009,228.14
Toulouse,2010,232.22
Toulouse,2011,236.42
Toulouse,2012,240.73
Toulouse,2013,245.17
Toulouse,2014,249.74
Strasbourg,2000,353.47
Strasbourg,2001,355.37
Strasbourg,2002,357.3
Strasbourg,2003,359.24
Strasbourg,2004,361.21
Strasbourg,2005,363.21
Strasbourg,2006,365.24
Strasbourg,2007,367.29
Strasbourg,2008,369.36
Strasbourg,2009,371.47
Strasbourg,2010,373.6
Strasbourg,2011,375.75
Strasbourg,2012,377.94
Strasbourg,2013,380.15
Strasbourg,2014,382.39
Bordeaux,2000,183.22
Bordeaux,2001,185.17
Bordeaux,2002,187.16
Bordeaux,2003,189.18
Bordeaux,2004,191.25
Bordeaux,2005,193.35
Bordeaux,2006,195.5
Bordeaux,2007,197.69
Bordeaux,2008,199.92
Bordeaux,2009,202.2
Bordeaux,2010,204.52
Bordeaux,2011,206.9
Bordeaux,2012,209.32
Bordeaux,2013,211.79
Bordeaux,2014,214.31
Nantes,2000,249.06
Nantes,2001,251.57
Nantes,2002,254.15
Nantes,2003,256.77
Nantes,2004,259.45
Nantes,2005,262.19
Nantes,2006,264.98
Nantes,2007,267.84
Nantes,2008,270.75
Nantes,2009,273.73
Nantes,2010,276.77
Nantes,2011,279.89
Nantes,2012,283.07
Nantes,2013,286.32
Nantes,2014,289.64
Lille,2000,906.47
Lille,2001,908.52
Lille,2002,910.6
Lille,2003,912.72
Lille,2004,914.87
Lille,2005,917.05
Lille,2006,919.27
Lille,2007,921.52
Lille,2008,923.81
Lille,2009,926.13
Lille,2010,928.49
Lille,2011,930.89
Lille,2012,933.33
Lille,2013,935.8
Lille,2014,938.31
Montpellier,2000,247.95
Montpellier,2001,251.31
Montpellier,2002,254.72
Montpellier,2003,258.2
Montpellier,2004,261.74
Montpellier,2005,265.33
Montpellier,2006,268.99
Montpellier,2007,272.72
Montpellier,2008,276.52
Montpellier,2009,280.38
Montpellier,2010,284.31
Montpellier,2011,288.32
Montpellier,2012,292.4
Montpellier,2013,296.56
Montpellier,2014,300.79
Saint-Étienne,2000,284.67
Saint-Étienne,2001,285.02
Saint-Étienne,2002,285.39
Saint-Étienne,2003,285.79
Saint-Étienne,2004,286.21
Saint-Étienne,2005,286.67
Saint-Étienne,2006,287.14
Saint-Étienne,2007,287.65
Saint-Étienne,2008,288.19
Saint-Étienne,2009,288.75
Saint-Étienne,2010,289.34
Saint-Étienne,2011,289.97
Saint-Étienne,2012,290.62
Saint-Étienne,2013,291.31
Saint-Étienne,2014,292.02
Rennes,2000,153.25
Rennes,2001,155.28
Rennes,2002,157.36
Rennes,2003,159.5
Rennes,2004,161.69
Rennes,2005,163.93
Rennes,2006,166.24
Rennes,2007,168.61
Rennes,2008,171.04
Rennes,2009,173.53
Rennes,2010,176.09
Rennes,2011,178.73
Rennes,2012,181.43
Rennes,2013,184.21
Rennes,2014,187.06
Grenoble,2000,229.62
Grenoble,2001,230.67
Grenoble,2002,231.74
Grenoble,2003,232.82
Grenoble,2004,233.93
Grenoble,2005,235.05
Grenoble,2006,236.19
Grenoble,2007,237.36
Grenoble,2008,238.54
Grenoble,2009,239.75
Grenoble,2010,240.97
Grenoble,2011,242.22
Grenoble,2012,243.49
Grenoble,2013,244.79
Grenoble,2014,246.11
Toulon,2000,493.4
Toulon,2001,496.11
Toulon,2002,498.87
Toulon,2003,501.67
Toulon,2004,504.51
Toulon,2005,507.4
Toulon,2006,510.33
Toulon,2007,513.31
Toulon,2008,516.33
Toulon,2009,519.4
Toulon,2010,522.52
Toulon,2011,525.69
Toulon,2012,528.91
Toulon,2013,532.19
Toulon,2014,535.52
Marseille,2000,379.41
Marseille,2001,382.02
Marseille,2002,384.67
Marseille,2003,387.34
Marseille,2004,390.06
Marseille,2005,392.8
Marseille,2006,395.58
Marseille,2007,398.4
Marseille,2008,401.25
Marseille,2009,404.14
Marseille,2010,407.07
Marseille,2011,410.04
Marseille,2012,413.05
Marseille,2013,416.1
Marseille,2014,419.19
Nice,2000,258.38
Nice,2001,259.73
Nice,2002,261.11
Nice,2003,262.51
Nice,2004,263.93
Nice,2005,265.37
Nice,2006,266.83
Nice,2007,268.32
Nice,2008,269.83
Nice,2009,271.36
Nice,2010,272.91
Nice,2011,274.49
Nice,2012,276.1
Nice,2013,277.72
Nice,2014,279.37
Rouen,2000,233.61
Rouen,2001,234.44
Rouen,2002,235.29
Rouen,2003,236.17
Rouen,2004,237.09
Rouen,2005,238.04
Rouen,2006,239.02
Rouen,2007,240.04
Rouen,2008,241.1
Rouen,2009,242.19
Rouen,2010,243.33
Rouen,2011,244.5
Rouen,2012,245.72
Rouen,2013,246.98
Rouen,2014,248.29
France,2000,108.2
France,2001,108.95
France,2002,109.72
France,2003,110.49
France,2004,111.23
France,2005,112.07
France,2006,112.87
France,2007,113.6
France,2008,114.23
France,2009,114.83
France,2010,115.38
France,2011,115.95
France,2012,116.51
France,2013,117.03
France,2014,117.51
United Kingdom,2000,242.4
United Kingdom,2001,243.29
United Kingdom,2002,244.28
United Kingdom,2003,245.36
United Kingdom,2004,246.56
United Kingdom,2005,248.16
United Kingdom,2006,249.97
United Kingdom,2007,251.84
United Kingdom,2008,253.89
United Kingdom,2009,255.84
United Kingdom,2010,257.77
United Kingdom,2011,259.88
United Kingdom,2012,261.83
United Kingdom,2013,264.34
United Kingdom,2014,265.18
Athens,2000,2226.36
Athens,2001,2216.95
Athens,2002,2207.97
Athens,2003,2199.42
Athens,2004,2191.29
Athens,2005,2183.6
Athens,2006,2176.34
Athens,2007,2169.52
Athens,2008,2163.15
Athens,2009,2157.23
Athens,2010,2151.75
Athens,2011,2146.74
Athens,2012,2142.19
Athens,2013,2138.12
Athens,2014,2134.51
Thessalonica,2000,677.35
Thessalonica,2001,676.59
Thessalonica,2002,676.14
Thessalonica,2003,676.01
Thessalonica,2004,676.19
Thessalonica,2005,676.7
Thessalonica,2006,677.53
Thessalonica,2007,678.7
Thessalonica,2008,680.21
Thessalonica,2009,682.06
Thessalonica,2010,684.27
Thessalonica,2011,686.84
Thessalonica,2012,689.77
Thessalonica,2013,693.08
Thessalonica,2014,696.77
Greece,2000,83.42
Greece,2001,83.63
Greece,2002,83.91
Greece,2003,84.2
Greece,2004,84.46
Greece,2005,84.79
Greece,2006,85.04
Greece,2007,85.4
Greece,2008,85.72
Greece,2009,86.08
Greece,2010,86.42
Greece,2011,86.45
Greece,2012,85.03
Greece,2013,84.56
Greece,2014,83.35
Budapest,2000,460.0
Budapest,2001,460.78
Budapest,2002,461.6
Budapest,2003,462.48
Budapest,2004,463.39
Budapest,2005,464.36
Budapest,2006,465.38
Budapest,2007,466.44
Budapest,2008,467.56
Budapest,2009,468.73
Budapest,2010,469.96
Budapest,2011,471.24
Budapest,2012,472.58
Budapest,2013,473.97
Budapest,2014,475.43
Hungary,2000,109.87
Hungary,2001,109.65
Hungary,2002,109.37
Hungary,2003,109.02
Hungary,2004,108.75
Hungary,2005,108.54
Hungary,2006,108.32
Hungary,2007,108.2
Hungary,2008,107.98
Hungary,2009,107.83
Hungary,2010,107.65
Hungary,2011,107.34
Hungary,2012,106.76
Hungary,2013,106.51
Hungary,2014,106.18
Dublin,2000,287.62
Dublin,2001,291.88
Dublin,2002,296.42
Dublin,2003,301.25
Dublin,2004,306.41
Dublin,2005,311.92
Dublin,2006,317.82
Dublin,2007,324.15
Dublin,2008,330.94
Dublin,2009,338.26
Dublin,2010,346.16
Dublin,2011,354.71
Dublin,2012,363.98
Dublin,2013,374.1
Dublin,2014,385.16
Ireland,2000,55.23
Ireland,2001,56.04
Ireland,2002,57.02
Ireland,2003,57.96
Ireland,2004,58.91
Ireland,2005,60.12
Ireland,2006,61.53
Ireland,2007,63.46
Ireland,2008,65.18
Ireland,2009,66.11
Ireland,2010,66.52
Ireland,2011,66.83
Ireland,2012,67.0
Ireland,2013,67.13
Ireland,2014,67.34
Rome,2000,651.06
Rome,2001,655.97
Rome,2002,660.98
Rome,2003,666.08
Rome,2004,671.29
Rome,2005,676.6
Rome,2006,682.02
Rome,2007,687.55
Rome,2008,693.2
Rome,2009,698.96
Rome,2010,704.85
Rome,2011,710.86
Rome,2012,717.0
Rome,2013,723.28
Rome,2014,729.69
Milan,2000,1458.8
Milan,2001,1466.1
Milan,2002,1473.55
Milan,2003,1481.16
Milan,2004,1488.94
Milan,2005,1496.9
Milan,2006,1505.03
Milan,2007,1513.34
Milan,2008,1521.84
Milan,2009,1530.53
Milan,2010,1539.42
Milan,2011,1548.5
Milan,2012,1557.8
Milan,2013,1567.3
Milan,2014,1577.03
Naples,2000,2258.37
Naples,2001,2259.81
Naples,2002,2261.38
Naples,2003,2263.1
Naples,2004,2264.96
Naples,2005,2266.97
Naples,2006,2269.12
Naples,2007,2271.44
Naples,2008,2273.92
Naples,2009,2276.57
Naples,2010,2279.38
Naples,2011,2282.37
Naples,2012,2285.54
Naples,2013,2288.89
Naples,2014,2292.44
Turin,2000,947.04
Turin,2001,950.23
Turin,2002,953.45
Turin,2003,956.73
Turin,2004,960.06
Turin,2005,963.43
Turin,2006,966.86
Turin,2007,970.33
Turin,2008,973.85
Turin,2009,977.44
Turin,2010,981.07
Turin,2011,984.76
Turin,2012,988.5
Turin,2013,992.3
Turin,2014,996.16
Palermo,2000,1114.43
Palermo,2001,1114.57
Palermo,2002,1114.79
Palermo,2003,1115.11
Palermo,2004,1115.53
Palermo,2005,1116.04
Palermo,2006,1116.64
Palermo,2007,1117.35
Palermo,2008,1118.16
Palermo,2009,1119.07
Palermo,2010,1120.09
Palermo,2011,1121.22
Palermo,2012,1122.46
Palermo,2013,1123.81
Palermo,2014,1125.28
Genova,2000,663.74
Genova,2001,661.63
Genova,2002,659.53
Genova,2003,657.44
Genova,2004,655.36
Genova,2005,653.29
Genova,2006,651.23
Genova,2007,649.19
Genova,2008,647.15
Genova,2009,645.13
Genova,2010,643.11
Genova,2011,641.11
Genova,2012,639.12
Genova,2013,637.14
Genova,2014,635.17
Florence,2000,403.34
Florence,2001,404.56
Florence,2002,405.79
Florence,2003,407.03
Florence,2004,408.29
Florence,2005,409.56
Florence,2006,410.84
Florence,2007,412.14
Florence,2008,413.45
Florence,2009,414.78
Florence,2010,416.12
Florence,2011,417.48
Florence,2012,418.85
Florence,2013,420.23
Florence,2014,421.63
Bari,2000,747.28
Bari,2001,749.02
Bari,2002,750.78
Bari,2003,752.55
Bari,2004,754.34
Bari,2005,756.15
Bari,2006,757.97
Bari,2007,759.81
Bari,2008,761.67
Bari,2009,763.55
Bari,2010,765.45
Bari,2011,767.36
Bari,2012,769.3
Bari,2013,771.25
Bari,2014,773.22
Bologna,2000,345.58
Bologna,2001,347.48
Bologna,2002,349.42
Bologna,2003,351.38
Bologna,2004,353.38
Bologna,2005,355.4
Bologna,2006,357.46
Bologna,2007,359.55
Bologna,2008,361.67
Bologna,2009,363.83
Bologna,2010,366.02
Bologna,2011,368.25
Bologna,2012,370.51
Bologna,2013,372.8
Bologna,2014,375.13
Catania,2000,1002.86
Catania,2001,1004.37
Catania,2002,1006.01
Catania,2003,1007.76
Catania,2004,1009.62
Catania,2005,1011.61
Catania,2006,1013.71
Catania,2007,1015.94
Catania,2008,1018.3
Catania,2009,1020.79
Catania,2010,1023.4
Catania,2011,1026.15
Catania,2012,1029.04
Catania,2013,1032.06
Catania,2014,1035.22
Venice,2000,491.23
Venice,2001,491.75
Venice,2002,492.3
Venice,2003,492.87
Venice,2004,493.46
Venice,2005,494.09
Venice,2006,494.74
Venice,2007,495.41
Venice,2008,496.11
Venice,2009,496.84
Venice,2010,497.6
Venice,2011,498.38
Venice,2012,499.19
Venice,2013,500.03
Venice,2014,500.9
Italy,2000,192.89
Italy,2001,193.02
Italy,2002,193.1
Italy,2003,193.59
Italy,2004,194.83
Italy,2005,196.11
Italy,2006,196.75
Italy,2007,197.29
Italy,2008,198.75
Italy,2009,199.92
Italy,2010,200.57
Italy,2011,201.16
Italy,2012,201.26
Italy,2013,202.25
Italy,2014,205.96
Sapporo,2000,962.92
Sapporo,2001,968.52
Sapporo,2002,974.19
Sapporo,2003,979.94
Sapporo,2004,985.76
Sapporo,2005,991.66
Sapporo,2006,994.13
Sapporo,2007,996.65
Sapporo,2008,999.2
Sapporo,2009,1001.81
Sapporo,2010,1004.45
Sapporo,2011,1008.91
Sapporo,2012,1013.43
Sapporo,2013,1018.01
Sapporo,2014,1022.65
Sendai,2000,919.73
Sendai,2001,922.82
Sendai,2002,925.96
Sendai,2003,929.14
Sendai,2004,932.37
Sendai,2005,935.65
Sendai,2006,938.53
Sendai,2007,941.48
Sendai,2008,944.48
Sendai,2009,947.53
Sendai,2010,950.64
Sendai,2011,953.99
Sendai,2012,957.39
Sendai,2013,960.84
Sendai,2014,964.34
Niigata,2000,681.79
Niigata,2001,681.8
Niigata,2002,681.81
Niigata,2003,681.83
Niigata,2004,681.85
Niigata,2005,681.88
Niigata,2006,680.61
Niigata,2007,679.35
Niigata,2008,678.1
Niigata,2009,676.86
Niigata,2010,675.63
Niigata,2011,675.04
Niigata,2012,674.46
Niigata,2013,673.89
Niigata,2014,673.33
Toyama,2000,346.72
Toyama,2001,346.95
Toyama,2002,347.19
Toyama,2003,347.43
Toyama,2004,347.67
Toyama,2005,347.92
Toyama,2006,347.82
Toyama,2007,347.72
Toyama,2008,347.62
Toyama,2009,347.52
Toyama,2010,347.43
Toyama,2011,347.52
Toyama,2012,347.61
Toyama,2013,347.7
Toyama,2014,347.79
Nagano,2000,445.3
Nagano,2001,444.68
Nagano,2002,444.06
Nagano,2003,443.45
Nagano,2004,442.85
Nagano,2005,442.25
Nagano,2006,440.51
Nagano,2007,438.78
Nagano,2008,437.06
Nagano,2009,435.36
Nagano,2010,433.66
Nagano,2011,432.54
Nagano,2012,431.43
Nagano,2013,430.32
Nagano,2014,429.23
Kanazawa,2000,565.44
Kanazawa,2001,566.2
Kanazawa,2002,566.98
Kanazawa,2003,567.77
Kanazawa,2004,568.57
Kanazawa,2005,569.38
Kanazawa,2006,571.41
Kanazawa,2007,573.46
Kanazawa,2008,575.52
Kanazawa,2009,577.6
Kanazawa,2010,579.71
Kanazawa,2011,581.2
Kanazawa,2012,582.72
Kanazawa,2013,584.24
Kanazawa,2014,585.79
Utsunomiya,2000,777.72
Utsunomiya,2001,781.7
Utsunomiya,2002,785.7
Utsunomiya,2003,789.74
Utsunomiya,2004,793.8
Utsunomiya,2005,797.9
Utsunomiya,2006,799.95
Utsunomiya,2007,802.03
Utsunomiya,2008,804.12
Utsunomiya,2009,806.24
Utsunomiya,2010,808.38
Utsunomiya,2011,811.57
Utsunomiya,2012,814.78
Utsunomiya,2013,818.01
Utsunomiya,2014,821.26
Maebashi,2000,823.82
Maebashi,2001,824.55
Maebashi,2002,825.3
Maebashi,2003,826.07
Maebashi,2004,826.87
Maebashi,2005,827.69
Maebashi,2006,827.78
Maebashi,2007,827.89
Maebashi,2008,828.03
Maebashi,2009,828.2
Maebashi,2010,828.39
Maebashi,2011,828.97
Maebashi,2012,829.57
Maebashi,2013,830.19
Maebashi,2014,830.83
Mito,2000,903.7
Mito,2001,904.18
Mito,2002,904.66
Mito,2003,905.14
Mito,2004,905.63
Mito,2005,906.12
Mito,2006,908.11
Mito,2007,910.13
Mito,2008,912.17
Mito,2009,914.23
Mito,2010,916.32
Mito,2011,917.64
Mito,2012,918.96
Mito,2013,920.3
Mito,2014,921.65
Tokyo,2000,3816.86
Tokyo,2001,3838.94
Tokyo,2002,3861.39
Tokyo,2003,3884.22
Tokyo,2004,3907.42
Tokyo,2005,3931.02
Tokyo,2006,3958.07
Tokyo,2007,3985.5
Tokyo,2008,4013.3
Tokyo,2009,4041.48
Tokyo,2010,4070.06
Tokyo,2011,4097.27
Tokyo,2012,4124.86
Tokyo,2013,4152.82
Tokyo,2014,4181.17
Kofu,2000,647.7
Kofu,2001,648.93
Kofu,2002,650.17
Kofu,2003,651.43
Kofu,2004,652.7
Kofu,2005,653.99
Kofu,2006,653.11
Kofu,2007,652.23
Kofu,2008,651.37
Kofu,2009,650.52
Kofu,2010,649.68
Kofu,2011,649.91
Kofu,2012,650.16
Kofu,2013,650.42
Kofu,2014,650.68
Nagoya,2000,1568.57
Nagoya,2001,1574.52
Nagoya,2002,1580.54
Nagoya,2003,1586.62
Nagoya,2004,1592.76
Nagoya,2005,1598.97
Nagoya,2006,1603.92
Nagoya,2007,1608.94
Nagoya,2008,1614.02
Nagoya,2009,1619.17
Nagoya,2010,1624.38
Nagoya,2011,1630.29
Nagoya,2012,1636.27
Nagoya,2013,1642.31
Nagoya,2014,1648.41
Numazu,2000,1099.99
Numazu,2001,1100.91
Numazu,2002,1101.85
Numazu,2003,1102.81
Numazu,2004,1103.81
Numazu,2005,1104.82
Numazu,2006,1103.44
Numazu,2007,1102.08
Numazu,2008,1100.75
Numazu,2009,1099.45
Numazu,2010,1098.17
Numazu,2011,1098.12
Numazu,2012,1098.09
Numazu,2013,1098.08
Numazu,2014,1098.1
Osaka,2000,2436.4
Osaka,2001,2438.91
Osaka,2002,2441.56
Osaka,2003,2444.34
Osaka,2004,2447.25
Osaka,2005,2450.3
Osaka,2006,2452.55
Osaka,2007,2454.91
Osaka,2008,2457.37
Osaka,2009,2459.94
Osaka,2010,2462.63
Osaka,2011,2465.87
Osaka,2012,2469.23
Osaka,2013,2472.71
Osaka,2014,2476.32
Shizuoka,2000,642.5
Shizuoka,2001,637.44
Shizuoka,2002,632.43
Shizuoka,2003,627.45
Shizuoka,2004,622.51
Shizuoka,2005,617.61
Shizuoka,2006,619.9
Shizuoka,2007,622.24
Shizuoka,2008,624.65
Shizuoka,2009,627.11
Shizuoka,2010,629.63
Shizuoka,2011,628.43
Shizuoka,2012,627.24
Shizuoka,2013,626.06
Shizuoka,2014,624.9
Anjo,2000,2396.41
Anjo,2001,2426.05
Anjo,2002,2456.07
Anjo,2003,2486.49
Anjo,2004,2517.3
Anjo,2005,2548.52
Anjo,2006,2567.16
Anjo,2007,2585.95
Anjo,2008,2604.91
Anjo,2009,2624.04
Anjo,2010,2643.34
Anjo,2011,2669.49
Anjo,2012,2695.91
Anjo,2013,2722.62
Anjo,2014,2749.6
Yokkaichi,2000,1257.44
Yokkaichi,2001,1262.62
Yokkaichi,2002,1267.83
Yokkaichi,2003,1273.08
Yokkaichi,2004,1278.38
Yokkaichi,2005,1283.72
Yokkaichi,2006,1290.24
Yokkaichi,2007,1296.86
Yokkaichi,2008,1303.58
Yokkaichi,2009,1310.4
Yokkaichi,2010,1317.33
Yokkaichi,2011,1323.65
Yokkaichi,2012,1330.04
Yokkaichi,2013,1336.5
Yokkaichi,2014,1343.02
Himeji,2000,811.46
Himeji,2001,811.39
Himeji,2002,811.34
Himeji,2003,811.31
Himeji,2004,811.29
Himeji,2005,811.28
Himeji,2006,810.86
Himeji,2007,810.45
Himeji,2008,810.05
Himeji,2009,809.67
Himeji,2010,809.31
Himeji,2011,809.16
Himeji,2012,809.03
Himeji,2013,808.91
Himeji,2014,808.8
Toyohashi,2000,778.7
Toyohashi,2001,781.52
Toyohashi,2002,784.36
Toyohashi,2003,787.23
Toyohashi,2004,790.11
Toyohashi,2005,793.01
Toyohashi,2006,793.61
Toyohashi,2007,794.22
Toyohashi,2008,794.84
Toyohashi,2009,795.46
Toyohashi,2010,796.1
Toyohashi,2011,797.91
Toyohashi,2012,799.73
Toyohashi,2013,801.56
Toyohashi,2014,803.41
Hamamatsu,2000,666.02
Hamamatsu,2001,669.08
Hamamatsu,2002,672.15
Hamamatsu,2003,675.23
Hamamatsu,2004,678.33
Hamamatsu,2005,681.44
Hamamatsu,2006,680.68
Hamamatsu,2007,679.92
Hamamatsu,2008,679.17
Hamamatsu,2009,678.41
Hamamatsu,2010,677.65
Hamamatsu,2011,678.83
Hamamatsu,2012,680.01
Hamamatsu,2013,681.18
Hamamatsu,2014,682.37
Okayama,2000,777.1
Okayama,2001,780.44
Okayama,2002,783.81
Okayama,2003,787.21
Okayama,2004,790.64
Okayama,2005,794.11
Okayama,2006,795.72
Okayama,2007,797.35
Okayama,2008,798.99
Okayama,2009,800.65
Okayama,2010,802.33
Okayama,2011,804.98
Okayama,2012,807.66
Okayama,2013,810.36
Okayama,2014,813.08
Kurashiki,2000,1006.59
Kurashiki,2001,1022.95
Kurashiki,2002,1039.64
Kurashiki,2003,1056.67
Kurashiki,2004,1074.04
Kurashiki,2005,1080.21
Kurashiki,2006,1081.9
Kurashiki,2007,1083.6
Kurashiki,2008,1085.31
Kurashiki,2009,1087.03
Kurashiki,2010,1088.76
Kurashiki,2011,1097.47
Kurashiki,2012,1106.27
Kurashiki,2013,1115.16
Kurashiki,2014,1124.15
Fukuyama,2000,797.59
Fukuyama,2001,796.9
Fukuyama,2002,796.22
Fukuyama,2003,795.55
Fukuyama,2004,794.9
Fukuyama,2005,794.26
Fukuyama,2006,793.25
Fukuyama,2007,792.27
Fukuyama,2008,791.3
Fukuyama,2009,790.36
Fukuyama,2010,789.44
Fukuyama,2011,788.72
Fukuyama,2012,788.0
Fukuyama,2013,787.3
Fukuyama,2014,786.62
Hiroshima,2000,1144.09
Hiroshima,2001,1147.36
Hiroshima,2002,1150.66
Hiroshima,2003,1154.02
Hiroshima,2004,1157.43
Hiroshima,2005,1160.89
Hiroshima,2006,1163.74
Hiroshima,2007,1166.62
Hiroshima,2008,1169.56
Hiroshima,2009,1172.53
Hiroshima,2010,1175.54
Hiroshima,2011,1178.93
Hiroshima,2012,1182.37
Hiroshima,2013,1185.86
Hiroshima,2014,1189.39
Takamatsu,2000,878.02
Takamatsu,2001,903.46
Takamatsu,2002,930.14
Takamatsu,2003,958.15
Takamatsu,2004,987.53
Takamatsu,2005,882.22
Takamatsu,2006,905.25
Takamatsu,2007,929.4
Takamatsu,2008,954.72
Takamatsu,2009,981.25
Takamatsu,2010,1009.06
Takamatsu,2011,1024.16
Takamatsu,2012,1039.66
Takamatsu,2013,1055.56
Takamatsu,2014,1071.88
Wakayama,2000,1296.14
Wakayama,2001,1290.46
Wakayama,2002,1284.83
Wakayama,2003,1279.26
Wakayama,2004,1273.75
Wakayama,2005,1268.29
Wakayama,2006,1264.9
Wakayama,2007,1261.55
Wakayama,2008,1258.24
Wakayama,2009,1254.97
Wakayama,2010,1251.74
Wakayama,2011,1247.54
Wakayama,2012,1243.39
Wakayama,2013,1239.29
Wakayama,2014,1235.23
Tokushima,2000,720.1
Tokushima,2001,719.72
Tokushima,2002,719.36
Tokushima,2003,719.03
Tokushima,2004,718.72
Tokushima,2005,718.43
Tokushima,2006,716.36
Tokushima,2007,714.31
Tokushima,2008,712.3
Tokushima,2009,710.31
Tokushima,2010,708.34
Tokushima,2011,707.28
Tokushima,2012,706.25
Tokushima,2013,705.23
Tokushima,2014,704.24
Kitakyushu,2000,2146.08
Kitakyushu,2001,2138.38
Kitakyushu,2002,2130.74
Kitakyushu,2003,2123.19
Kitakyushu,2004,2115.7
Kitakyushu,2005,2108.29
Kitakyushu,2006,2101.29
Kitakyushu,2007,2094.35
Kitakyushu,2008,2087.48
Kitakyushu,2009,2080.67
Kitakyushu,2010,2073.93
Kitakyushu,2011,2067.04
Kitakyushu,2012,2060.21
Kitakyushu,2013,2053.43
Kitakyushu,2014,2046.71
Matsuyama,2000,797.89
Matsuyama,2001,799.6
Matsuyama,2002,801.32
Matsuyama,2003,803.05
Matsuyama,2004,804.78
Matsuyama,2005,806.52
Matsuyama,2006,806.54
Matsuyama,2007,806.58
Matsuyama,2008,806.61
Matsuyama,2009,806.65
Matsuyama,2010,806.7
Matsuyama,2011,807.6
Matsuyama,2012,808.51
Matsuyama,2013,809.42
Matsuyama,2014,810.33
Fukuoka,2000,2035.4
Fukuoka,2001,2050.83
Fukuoka,2002,2066.45
Fukuoka,2003,2082.26
Fukuoka,2004,2098.26
Fukuoka,2005,2114.45
Fukuoka,2006,2128.62
Fukuoka,2007,2142.99
Fukuoka,2008,2157.57
Fukuoka,2009,2172.34
Fukuoka,2010,2187.32
Fukuoka,2011,2203.54
Fukuoka,2012,2219.95
Fukuoka,2013,2236.57
Fukuoka,2014,2253.39
Kochi,2000,510.63
Kochi,2001,510.55
Kochi,2002,510.47
Kochi,2003,510.4
Kochi,2004,510.34
Kochi,2005,510.29
Kochi,2006,508.06
Kochi,2007,505.85
Kochi,2008,503.66
Kochi,2009,501.49
Kochi,2010,499.34
Kochi,2011,498.26
Kochi,2012,497.19
Kochi,2013,496.14
Kochi,2014,495.09
Oita,2000,576.36
Oita,2001,577.61
Oita,2002,578.87
Oita,2003,580.14
Oita,2004,581.42
Oita,2005,582.71
Oita,2006,584.66
Oita,2007,586.62
Oita,2008,588.61
Oita,2009,590.61
Oita,2010,592.63
Oita,2011,594.32
Oita,2012,596.04
Oita,2013,597.76
Oita,2014,599.5
Kumamoto,2000,1155.55
Kumamoto,2001,1159.42
Kumamoto,2002,1163.33
Kumamoto,2003,1167.29
Kumamoto,2004,1171.3
Kumamoto,2005,1175.35
Kumamoto,2006,1179.36
Kumamoto,2007,1183.43
Kumamoto,2008,1187.57
Kumamoto,2009,1191.78
Kumamoto,2010,1196.05
Kumamoto,2011,1200.41
Kumamoto,2012,1204.83
Kumamoto,2013,1209.31
Kumamoto,2014,1213.85
Nagasaki,2000,1411.53
Nagasaki,2001,1405.33
Nagasaki,2002,1399.2
Nagasaki,2003,1393.14
Nagasaki,2004,1387.14
Nagasaki,2005,1381.21
Nagasaki,2006,1375.6
Nagasaki,2007,1370.02
Nagasaki,2008,1364.48
Nagasaki,2009,1358.97
Nagasaki,2010,1353.49
Nagasaki,2011,1347.94
Nagasaki,2012,1342.44
Nagasaki,2013,1336.99
Nagasaki,2014,1331.58
Kagoshima,2000,915.3
Kagoshima,2001,916.18
Kagoshima,2002,917.07
Kagoshima,2003,917.96
Kagoshima,2004,918.85
Kagoshima,2005,919.75
Kagoshima,2006,919.92
Kagoshima,2007,920.1
Kagoshima,2008,920.28
Kagoshima,2009,920.46
Kagoshima,2010,920.64
Kagoshima,2011,921.2
Kagoshima,2012,921.76
Kagoshima,2013,922.32
Kagoshima,2014,922.89
Naha,2000,2566.7
Naha,2001,2584.6
Naha,2002,2602.62
Naha,2003,2620.8
Naha,2004,2639.12
Naha,2005,2657.58
Naha,2006,2672.8
Naha,2007,2688.16
Naha,2008,2703.68
Naha,2009,2719.34
Naha,2010,2735.16
Naha,2011,2752.73
Naha,2012,2770.43
Naha,2013,2788.27
Naha,2014,2806.25
Japan,2000,339.8
Japan,2001,340.78
Japan,2002,341.16
Japan,2003,341.66
Japan,2004,341.84
Japan,2005,342.06
Japan,2006,342.06
Japan,2007,342.06
Japan,2008,341.84
Japan,2009,341.37
Japan,2010,342.82
Japan,2011,342.13
Japan,2012,341.39
Japan,2013,340.79
Japan,2014,340.22
Korea,2000,472.63
Korea,2001,476.14
Korea,2002,478.8
Korea,2003,481.19
Korea,2004,483.0
Korea,2005,483.99
Korea,2006,486.34
Korea,2007,488.61
Korea,2008,492.14
Korea,2009,494.49
Korea,2010,496.78
Korea,2011,500.49
Korea,2012,502.75
Korea,2013,504.92
Korea,2014,506.97
Seoul Incheon,2000,4320.1
Seoul Incheon,2001,4339.29
Seoul Incheon,2002,4363.79
Seoul Incheon,2003,4394.02
Seoul Incheon,2004,4430.46
Seoul Incheon,2005,4473.7
Seoul Incheon,2006,4524.43
Seoul Incheon,2007,4583.46
Seoul Incheon,2008,4651.78
Seoul Incheon,2009,4730.52
Seoul Incheon,2010,4821.06
Seoul Incheon,2011,4925.01
Seoul Incheon,2012,5044.31
Seoul Incheon,2013,5181.29
Seoul Incheon,2014,5338.72
Cheongju,2000,1144.29
Cheongju,2001,1151.64
Cheongju,2002,1160.14
Cheongju,2003,1169.86
Cheongju,2004,1180.84
Cheongju,2005,1193.16
Cheongju,2006,1206.87
Cheongju,2007,1222.07
Cheongju,2008,1238.84
Cheongju,2009,1257.27
Cheongju,2010,1277.46
Cheongju,2011,1299.52
Cheongju,2012,1323.57
Cheongju,2013,1349.75
Cheongju,2014,1378.19
Daejeon,2000,1427.2
Daejeon,2001,1435.03
Daejeon,2002,1444.16
Daejeon,2003,1454.64
Daejeon,2004,1466.54
Daejeon,2005,1479.93
Daejeon,2006,1494.91
Daejeon,2007,1511.54
Daejeon,2008,1529.95
Daejeon,2009,1550.2
Daejeon,2010,1572.43
Daejeon,2011,1596.74
Daejeon,2012,1623.28
Daejeon,2013,1652.18
Daejeon,2014,1683.57
Pohang,2000,633.07
Pohang,2001,630.12
Pohang,2002,627.69
Pohang,2003,625.8
Pohang,2004,624.46
Pohang,2005,623.68
Pohang,2006,623.47
Pohang,2007,623.84
Pohang,2008,624.8
Pohang,2009,626.37
Pohang,2010,628.56
Pohang,2011,631.4
Pohang,2012,634.9
Pohang,2013,639.08
Pohang,2014,643.97
Daegu,2000,2360.29
Daegu,2001,2351.45
Daegu,2002,2344.55
Daegu,2003,2339.67
Daegu,2004,2336.87
Daegu,2005,2336.26
Daegu,2006,2337.94
Daegu,2007,2342.03
Daegu,2008,2348.67
Daegu,2009,2358.02
Daegu,2010,2370.26
Daegu,2011,2385.6
Daegu,2012,2404.29
Daegu,2013,2426.59
Daegu,2014,2452.84
Jeonju,2000,1324.2
Jeonju,2001,1324.16
Jeonju,2002,1325.33
Jeonju,2003,1327.75
Jeonju,2004,1331.48
Jeonju,2005,1336.58
Jeonju,2006,1343.14
Jeonju,2007,1351.23
Jeonju,2008,1360.93
Jeonju,2009,1372.36
Jeonju,2010,1385.62
Jeonju,2011,1400.85
Jeonju,2012,1418.17
Jeonju,2013,1437.75
Jeonju,2014,1459.75
Ulsan,2000,1311.31
Ulsan,2001,1314.26
Ulsan,2002,1318.52
Ulsan,2003,1324.12
Ulsan,2004,1331.11
Ulsan,2005,1339.53
Ulsan,2006,1349.42
Ulsan,2007,1360.86
Ulsan,2008,1373.89
Ulsan,2009,1388.6
Ulsan,2010,1405.06
Ulsan,2011,1423.36
Ulsan,2012,1443.6
Ulsan,2013,1465.89
Ulsan,2014,1490.35
Busan,2000,5081.01
Busan,2001,5032.79
Busan,2002,4987.91
Busan,2003,4946.41
Busan,2004,4908.33
Busan,2005,4873.75
Busan,2006,4842.73
Busan,2007,4815.36
Busan,2008,4791.75
Busan,2009,4771.99
Busan,2010,4756.24
Busan,2011,4744.66
Busan,2012,4737.4
Busan,2013,4734.64
Busan,2014,4736.62
Changwon,2000,4977.86
Changwon,2001,4922.5
Changwon,2002,4869.21
Changwon,2003,4818.01
Changwon,2004,4768.85
Changwon,2005,4721.71
Changwon,2006,4676.53
Changwon,2007,4633.35
Changwon,2008,4592.13
Changwon,2009,4552.85
Changwon,2010,4515.49
Changwon,2011,4480.06
Changwon,2012,4446.54
Changwon,2013,4414.91
Changwon,2014,4385.2
Gwangju,2000,2042.06
Gwangju,2001,2043.62
Gwangju,2002,2047.99
Gwangju,2003,2055.29
Gwangju,2004,2065.68
Gwangju,2005,2079.36
Gwangju,2006,2096.54
Gwangju,2007,2117.44
Gwangju,2008,2142.36
Gwangju,2009,2171.58
Gwangju,2010,2205.45
Gwangju,2011,2244.35
Gwangju,2012,2288.73
Gwangju,2013,2339.07
Gwangju,2014,2395.9
Mexico,2000,49.76
Mexico,2001,50.33
Mexico,2002,50.91
Mexico,2003,51.5
Mexico,2004,52.1
Mexico,2005,52.71
Mexico,2006,53.6
Mexico,2007,54.51
Mexico,2008,55.43
Mexico,2009,56.37
Mexico,2010,57.34
Mexico,2011,59.04
Mexico,2012,59.74
Mexico,2013,60.43
Mexico,2014,61.1
Mexicali,2000,45.42
Mexicali,2001,46.65
Mexicali,2002,47.9
Mexicali,2003,49.19
Mexicali,2004,50.52
Mexicali,2005,51.88
Mexicali,2006,53.27
Mexicali,2007,54.71
Mexicali,2008,56.18
Mexicali,2009,57.69
Mexicali,2010,59.24
Mexicali,2011,60.84
Mexicali,2012,62.48
Mexicali,2013,64.16
Mexicali,2014,65.88
Tijuana,2000,878.75
Tijuana,2001,909.95
Tijuana,2002,942.25
Tijuana,2003,975.71
Tijuana,2004,1010.35
Tijuana,2005,1046.22
Tijuana,2006,1083.37
Tijuana,2007,1121.83
Tijuana,2008,1161.66
Tijuana,2009,1202.91
Tijuana,2010,1245.61
Tijuana,2011,1289.84
Tijuana,2012,1335.63
Tijuana,2013,1383.06
Tijuana,2014,1432.16
Juárez,2000,318.63
Juárez,2001,323.63
Juárez,2002,328.71
Juárez,2003,333.88
Juárez,2004,339.12
Juárez,2005,344.44
Juárez,2006,349.85
Juárez,2007,355.34
Juárez,2008,360.92
Juárez,2009,366.59
Juárez,2010,372.35
Juárez,2011,378.19
Juárez,2012,384.13
Juárez,2013,390.16
Juárez,2014,396.29
Hermosillo,2000,35.79
Hermosillo,2001,36.73
Hermosillo,2002,37.69
Hermosillo,2003,38.68
Hermosillo,2004,39.69
Hermosillo,2005,40.73
Hermosillo,2006,41.79
Hermosillo,2007,42.88
Hermosillo,2008,44.01
Hermosillo,2009,45.16
Hermosillo,2010,46.34
Hermosillo,2011,47.55
Hermosillo,2012,48.79
Hermosillo,2013,50.07
Hermosillo,2014,51.38
Chihuahua,2000,75.66
Chihuahua,2001,77.29
Chihuahua,2002,78.95
Chihuahua,2003,80.65
Chihuahua,2004,82.39
Chihuahua,2005,84.17
Chihuahua,2006,85.99
Chihuahua,2007,87.85
Chihuahua,2008,89.75
Chihuahua,2009,91.7
Chihuahua,2010,93.69
Chihuahua,2011,95.73
Chihuahua,2012,97.82
Chihuahua,2013,99.95
Chihuahua,2014,102.14
Reynosa,2000,110.54
Reynosa,2001,114.31
Reynosa,2002,118.21
Reynosa,2003,122.26
Reynosa,2004,126.46
Reynosa,2005,130.82
Reynosa,2006,135.34
Reynosa,2007,140.02
Reynosa,2008,144.89
Reynosa,2009,149.93
Reynosa,2010,155.16
Reynosa,2011,160.59
Reynosa,2012,166.22
Reynosa,2013,172.06
Reynosa,2014,178.12
Monterrey,2000,302.92
Monterrey,2001,307.67
Monterrey,2002,312.85
Monterrey,2003,318.51
Monterrey,2004,324.71
Monterrey,2005,331.52
Monterrey,2006,339.01
Monterrey,2007,347.29
Monterrey,2008,356.46
Monterrey,2009,366.65
Monterrey,2010,378.0
Monterrey,2011,390.7
Monterrey,2012,404.95
Monterrey,2013,420.99
Monterrey,2014,439.12
Torreón,2000,88.97
Torreón,2001,90.71
Torreón,2002,92.48
Torreón,2003,94.29
Torreón,2004,96.13
Torreón,2005,98.02
Torreón,2006,99.93
Torreón,2007,101.89
Torreón,2008,103.89
Torreón,2009,105.92
Torreón,2010,108.0
Torreón,2011,110.12
Torreón,2012,112.28
Torreón,2013,114.48
Torreón,2014,116.73
Saltillo,2000,102.79
Saltillo,2001,105.26
Saltillo,2002,107.79
Saltillo,2003,110.38
Saltillo,2004,113.04
Saltillo,2005,115.76
Saltillo,2006,118.54
Saltillo,2007,121.39
Saltillo,2008,124.31
Saltillo,2009,127.3
Saltillo,2010,130.36
Saltillo,2011,133.5
Saltillo,2012,136.71
Saltillo,2013,140.0
Saltillo,2014,143.37
Culiacán,2000,118.7
Culiacán,2001,120.47
Culiacán,2002,122.26
Culiacán,2003,124.09
Culiacán,2004,125.94
Culiacán,2005,127.81
Culiacán,2006,129.72
Culiacán,2007,131.65
Culiacán,2008,133.61
Culiacán,2009,135.6
Culiacán,2010,137.62
Culiacán,2011,139.68
Culiacán,2012,141.76
Culiacán,2013,143.87
Culiacán,2014,146.01
Durango,2000,52.92
Durango,2001,53.88
Durango,2002,54.86
Durango,2003,55.86
Durango,2004,56.88
Durango,2005,57.92
Durango,2006,58.97
Durango,2007,60.05
Durango,2008,61.14
Durango,2009,62.26
Durango,2010,63.39
Durango,2011,64.55
Durango,2012,65.72
Durango,2013,66.92
Durango,2014,68.14
Tampico,2000,311.18
Tampico,2001,315.58
Tampico,2002,320.15
Tampico,2003,324.92
Tampico,2004,329.89
Tampico,2005,335.06
Tampico,2006,340.45
Tampico,2007,346.07
Tampico,2008,351.93
Tampico,2009,358.05
Tampico,2010,364.43
Tampico,2011,371.09
Tampico,2012,378.05
Tampico,2013,385.31
Tampico,2014,392.91
San Luis Potosí,2000,184.92
San Luis Potosí,2001,188.58
San Luis Potosí,2002,192.34
San Luis Potosí,2003,196.19
San Luis Potosí,2004,200.13
San Luis Potosí,2005,204.18
San Luis Potosí,2006,208.33
San Luis Potosí,2007,212.59
San Luis Potosí,2008,216.96
San Luis Potosí,2009,221.45
San Luis Potosí,2010,226.05
San Luis Potosí,2011,230.77
San Luis Potosí,2012,235.62
San Luis Potosí,2013,240.6
San Luis Potosí,2014,245.72
Aguascalientes,2000,319.6
Aguascalientes,2001,327.72
Aguascalientes,2002,336.06
Aguascalientes,2003,344.65
Aguascalientes,2004,353.48
Aguascalientes,2005,362.56
Aguascalientes,2006,371.91
Aguascalientes,2007,381.53
Aguascalientes,2008,391.43
Aguascalientes,2009,401.62
Aguascalientes,2010,412.12
Aguascalientes,2011,422.92
Aguascalientes,2012,434.05
Aguascalientes,2013,445.51
Aguascalientes,2014,457.32
Benito Juárez,2000,197.9
Benito Juárez,2001,207.4
Benito Juárez,2002,217.36
Benito Juárez,2003,227.81
Benito Juárez,2004,238.75
Benito Juárez,2005,250.21
Benito Juárez,2006,262.23
Benito Juárez,2007,274.83
Benito Juárez,2008,288.03
Benito Juárez,2009,301.86
Benito Juárez,2010,316.36
Benito Juárez,2011,331.56
Benito Juárez,2012,347.49
Benito Juárez,2013,364.18
Benito Juárez,2014,381.67
León,2000,721.74
León,2001,739.69
León,2002,758.09
León,2003,776.95
León,2004,796.28
León,2005,816.09
León,2006,836.39
León,2007,857.2
León,2008,878.53
León,2009,900.38
León,2010,922.79
León,2011,945.74
León,2012,969.27
León,2013,993.39
León,2014,1018.1
Mérida,2000,87.86
Mérida,2001,89.41
Mérida,2002,91.0
Mérida,2003,92.63
Mérida,2004,94.3
Mérida,2005,96.01
Mérida,2006,97.78
Mérida,2007,99.58
Mérida,2008,101.44
Mérida,2009,103.35
Mérida,2010,105.32
Mérida,2011,107.34
Mérida,2012,109.42
Mérida,2013,111.57
Mérida,2014,113.78
Guadalajara,2000,1470.0
Guadalajara,2001,1491.69
Guadalajara,2002,1514.9
Guadalajara,2003,1539.76
Guadalajara,2004,1566.41
Guadalajara,2005,1595.02
Guadalajara,2006,1625.76
Guadalajara,2007,1658.84
Guadalajara,2008,1694.49
Guadalajara,2009,1732.97
Guadalajara,2010,1774.56
Guadalajara,2011,1819.59
Guadalajara,2012,1868.42
Guadalajara,2013,1921.45
Guadalajara,2014,1979.15
Irapuato,2000,515.38
Irapuato,2001,525.61
Irapuato,2002,536.05
Irapuato,2003,546.7
Irapuato,2004,557.56
Irapuato,2005,568.64
Irapuato,2006,579.93
Irapuato,2007,591.45
Irapuato,2008,603.2
Irapuato,2009,615.18
Irapuato,2010,627.4
Irapuato,2011,639.87
Irapuato,2012,652.58
Irapuato,2013,665.54
Irapuato,2014,678.76
Querétaro,2000,335.77
Querétaro,2001,345.89
Querétaro,2002,356.39
Querétaro,2003,367.28
Querétaro,2004,378.58
Querétaro,2005,390.31
Querétaro,2006,402.49
Querétaro,2007,415.14
Querétaro,2008,428.28
Querétaro,2009,441.94
Querétaro,2010,456.15
Querétaro,2011,470.92
Querétaro,2012,486.29
Querétaro,2013,502.29
Querétaro,2014,518.95
Celaya,2000,422.08
Celaya,2001,430.87
Celaya,2002,439.84
Celaya,2003,449.01
Celaya,2004,458.36
Celaya,2005,467.91
Celaya,2006,477.67
Celaya,2007,487.63
Celaya,2008,497.8
Celaya,2009,508.19
Celaya,2010,518.79
Celaya,2011,529.62
Celaya,2012,540.68
Celaya,2013,551.97
Celaya,2014,563.5
Pachuca de Soto,2000,251.43
Pachuca de Soto,2001,257.89
Pachuca de Soto,2002,264.79
Pachuca de Soto,2003,272.18
Pachuca de Soto,2004,280.12
Pachuca de Soto,2005,288.65
Pachuca de Soto,2006,297.84
Pachuca de Soto,2007,307.77
Pachuca de Soto,2008,318.51
Pachuca de Soto,2009,330.15
Pachuca de Soto,2010,342.79
Pachuca de Soto,2011,356.54
Pachuca de Soto,2012,371.52
Pachuca de Soto,2013,387.87
Pachuca de Soto,2014,405.74
Morelia,2000,355.91
Morelia,2001,363.0
Morelia,2002,370.3
Morelia,2003,377.81
Morelia,2004,385.54
Morelia,2005,393.5
Morelia,2006,401.71
Morelia,2007,410.17
Morelia,2008,418.9
Morelia,2009,427.91
Morelia,2010,437.22
Morelia,2011,446.84
Morelia,2012,456.79
Morelia,2013,467.09
Morelia,2014,477.74
Mexico City,2000,3364.12
Mexico City,2001,3397.6
Mexico City,2002,3432.51
Mexico City,2003,3468.94
Mexico City,2004,3506.97
Mexico City,2005,3546.68
Mexico City,2006,3588.19
Mexico City,2007,3631.6
Mexico City,2008,3677.03
Mexico City,2009,3724.59
Mexico City,2010,3774.43
Mexico City,2011,3826.68
Mexico City,2012,3881.5
Mexico City,2013,3939.05
Mexico City,2014,3999.52
Xalapa,2000,457.54
Xalapa,2001,466.45
Xalapa,2002,475.56
Xalapa,2003,484.86
Xalapa,2004,494.35
Xalapa,2005,504.05
Xalapa,2006,513.95
Xalapa,2007,524.06
Xalapa,2008,534.39
Xalapa,2009,544.93
Xalapa,2010,555.71
Xalapa,2011,566.71
Xalapa,2012,577.95
Xalapa,2013,589.44
Xalapa,2014,601.17
Toluca,2000,670.31
Toluca,2001,688.87
Toluca,2002,708.0
Toluca,2003,727.72
Toluca,2004,748.03
Toluca,2005,768.96
Toluca,2006,790.53
Toluca,2007,812.77
Toluca,2008,835.7
Toluca,2009,859.34
Toluca,2010,883.72
Toluca,2011,908.86
Toluca,2012,934.78
Toluca,2013,961.53
Toluca,2014,989.13
Veracruz,2000,616.63
Veracruz,2001,627.66
Veracruz,2002,638.96
Veracruz,2003,650.54
Veracruz,2004,662.42
Veracruz,2005,674.6
Veracruz,2006,687.08
Veracruz,2007,699.89
Veracruz,2008,713.03
Veracruz,2009,726.52
Veracruz,2010,740.36
Veracruz,2011,754.57
Veracruz,2012,769.15
Veracruz,2013,784.13
Veracruz,2014,799.52
Puebla,2000,1275.52
Puebla,2001,1303.05
Puebla,2002,1331.35
Puebla,2003,1360.45
Puebla,2004,1390.38
Puebla,2005,1421.18
Puebla,2006,1452.87
Puebla,2007,1485.51
Puebla,2008,1519.11
Puebla,2009,1553.73
Puebla,2010,1589.4
Puebla,2011,1626.17
Puebla,2012,1664.1
Puebla,2013,1703.21
Puebla,2014,1743.58
Cuernavaca,2000,764.7
Cuernavaca,2001,779.07
Cuernavaca,2002,793.79
Cuernavaca,2003,808.85
Cuernavaca,2004,824.28
Cuernavaca,2005,840.08
Cuernavaca,2006,856.26
Cuernavaca,2007,872.84
Cuernavaca,2008,889.82
Cuernavaca,2009,907.22
Cuernavaca,2010,925.05
Cuernavaca,2011,943.32
Cuernavaca,2012,962.05
Cuernavaca,2013,981.25
Cuernavaca,2014,1000.94
Centro,2000,216.85
Centro,2001,221.84
Centro,2002,226.96
Centro,2003,232.2
Centro,2004,237.57
Centro,2005,243.07
Centro,2006,248.71
Centro,2007,254.49
Centro,2008,260.41
Centro,2009,266.48
Centro,2010,272.69
Centro,2011,279.06
Centro,2012,285.59
Centro,2013,292.28
Centro,2014,299.14
Oaxaca de Juárez,2000,345.95
Oaxaca de Juárez,2001,352.73
Oaxaca de Juárez,2002,359.79
Oaxaca de Juárez,2003,367.15
Oaxaca de Juárez,2004,374.83
Oaxaca de Juárez,2005,382.83
Oaxaca de Juárez,2006,391.18
Oaxaca de Juárez,2007,399.9
Oaxaca de Juárez,2008,409.0
Oaxaca de Juárez,2009,418.51
Oaxaca de Juárez,2010,428.45
Oaxaca de Juárez,2011,438.84
Oaxaca de Juárez,2012,449.71
Oaxaca de Juárez,2013,461.07
Oaxaca de Juárez,2014,472.97
Acapulco de Juárez,2000,405.76
Acapulco de Juárez,2001,410.55
Acapulco de Juárez,2002,415.39
Acapulco de Juárez,2003,420.3
Acapulco de Juárez,2004,425.26
Acapulco de Juárez,2005,430.28
Acapulco de Juárez,2006,435.36
Acapulco de Juárez,2007,440.5
Acapulco de Juárez,2008,445.7
Acapulco de Juárez,2009,450.96
Acapulco de Juárez,2010,456.29
Acapulco de Juárez,2011,461.67
Acapulco de Juárez,2012,467.12
Acapulco de Juárez,2013,472.64
Acapulco de Juárez,2014,478.22
Tuxtla Gutiérrez,2000,257.5
Tuxtla Gutiérrez,2001,264.77
Tuxtla Gutiérrez,2002,272.26
Tuxtla Gutiérrez,2003,279.97
Tuxtla Gutiérrez,2004,287.9
Tuxtla Gutiérrez,2005,296.06
Tuxtla Gutiérrez,2006,304.46
Tuxtla Gutiérrez,2007,313.11
Tuxtla Gutiérrez,2008,322.02
Tuxtla Gutiérrez,2009,331.18
Tuxtla Gutiérrez,2010,340.62
Tuxtla Gutiérrez,2011,350.33
Tuxtla Gutiérrez,2012,360.33
Tuxtla Gutiérrez,2013,370.62
Tuxtla Gutiérrez,2014,381.22
The Hague,2000,2685.92
The Hague,2001,2708.82
The Hague,2002,2732.22
The Hague,2003,2756.12
The Hague,2004,2780.54
The Hague,2005,2805.48
The Hague,2006,2830.94
The Hague,2007,2856.95
The Hague,2008,2883.5
The Hague,2009,2910.61
The Hague,2010,2938.29
The Hague,2011,2966.54
The Hague,2012,2995.38
The Hague,2013,3024.82
The Hague,2014,3054.86
Amsterdam,2000,764.71
Amsterdam,2001,771.45
Amsterdam,2002,778.3
Amsterdam,2003,785.26
Amsterdam,2004,792.34
Amsterdam,2005,799.53
Amsterdam,2006,806.83
Amsterdam,2007,814.25
Amsterdam,2008,821.8
Amsterdam,2009,829.47
Amsterdam,2010,837.27
Amsterdam,2011,845.19
Amsterdam,2012,853.26
Amsterdam,2013,861.45
Amsterdam,2014,869.79
Rotterdam,2000,971.52
Rotterdam,2001,974.17
Rotterdam,2002,976.92
Rotterdam,2003,979.78
Rotterdam,2004,982.76
Rotterdam,2005,985.85
Rotterdam,2006,989.07
Rotterdam,2007,992.41
Rotterdam,2008,995.89
Rotterdam,2009,999.5
Rotterdam,2010,1003.26
Rotterdam,2011,1007.18
Rotterdam,2012,1011.24
Rotterdam,2013,1015.46
Rotterdam,2014,1019.85
Utrecht,2000,1020.24
Utrecht,2001,1032.05
Utrecht,2002,1044.12
Utrecht,2003,1056.46
Utrecht,2004,1069.08
Utrecht,2005,1081.97
Utrecht,2006,1095.16
Utrecht,2007,1108.64
Utrecht,2008,1122.42
Utrecht,2009,1136.52
Utrecht,2010,1150.93
Utrecht,2011,1165.66
Utrecht,2012,1180.73
Utrecht,2013,1196.14
Utrecht,2014,1211.9
Eindhoven,2000,552.17
Eindhoven,2001,554.3
Eindhoven,2002,556.45
Eindhoven,2003,558.62
Eindhoven,2004,560.81
Eindhoven,2005,563.02
Eindhoven,2006,565.24
Eindhoven,2007,567.49
Eindhoven,2008,569.75
Eindhoven,2009,572.03
Eindhoven,2010,574.33
Eindhoven,2011,576.66
Eindhoven,2012,579.0
Eindhoven,2013,581.36
Eindhoven,2014,583.74
The Netherlands,2000,468.33
The Netherlands,2001,471.97
The Netherlands,2002,475.46
The Netherlands,2003,479.31
The Netherlands,2004,481.24
The Netherlands,2005,482.65
The Netherlands,2006,483.5
The Netherlands,2007,484.59
The Netherlands,2008,486.0
The Netherlands,2009,488.38
The Netherlands,2010,491.02
The Netherlands,2011,493.41
The Netherlands,2012,496.18
The Netherlands,2013,497.64
The Netherlands,2014,499.12
Oslo,2000,149.03
Oslo,2001,151.22
Oslo,2002,153.45
Oslo,2003,155.71
Oslo,2004,158.0
Oslo,2005,160.34
Oslo,2006,162.71
Oslo,2007,165.12
Oslo,2008,167.57
Oslo,2009,170.06
Oslo,2010,172.58
Oslo,2011,175.15
Oslo,2012,177.76
Oslo,2013,180.42
Oslo,2014,183.11
Norway,2000,14.62
Norway,2001,14.71
Norway,2002,14.77
Norway,2003,14.86
Norway,2004,15.04
Norway,2005,15.14
Norway,2006,15.25
Norway,2007,15.38
Norway,2008,15.51
Norway,2009,15.71
Norway,2010,15.9
Norway,2011,16.11
Norway,2012,16.39
Norway,2013,16.6
Norway,2014,16.79
Warsaw,2000,332.03
Warsaw,2001,333.31
Warsaw,2002,334.62
Warsaw,2003,335.96
Warsaw,2004,337.32
Warsaw,2005,338.72
Warsaw,2006,340.15
Warsaw,2007,341.61
Warsaw,2008,343.1
Warsaw,2009,344.62
Warsaw,2010,346.18
Warsaw,2011,347.77
Warsaw,2012,349.4
Warsaw,2013,351.06
Warsaw,2014,352.76
Lódz,2000,591.0
Lódz,2001,588.22
Lódz,2002,585.48
Lódz,2003,582.76
Lódz,2004,580.08
Lódz,2005,577.42
Lódz,2006,574.79
Lódz,2007,572.18
Lódz,2008,569.61
Lódz,2009,567.06
Lódz,2010,564.54
Lódz,2011,562.05
Lódz,2012,559.59
Lódz,2013,557.16
Lódz,2014,554.75
Kraków,2000,354.01
Kraków,2001,354.63
Kraków,2002,355.25
Kraków,2003,355.88
Kraków,2004,356.52
Kraków,2005,357.17
Kraków,2006,357.83
Kraków,2007,358.51
Kraków,2008,359.19
Kraków,2009,359.88
Kraków,2010,360.58
Kraków,2011,361.29
Kraków,2012,362.01
Kraków,2013,362.75
Kraków,2014,363.49
Wroclaw,2000,312.34
Wroclaw,2001,312.65
Wroclaw,2002,312.98
Wroclaw,2003,313.32
Wroclaw,2004,313.68
Wroclaw,2005,314.04
Wroclaw,2006,314.43
Wroclaw,2007,314.82
Wroclaw,2008,315.23
Wroclaw,2009,315.65
Wroclaw,2010,316.09
Wroclaw,2011,316.54
Wroclaw,2012,317.01
Wroclaw,2013,317.5
Wroclaw,2014,318.0
Poznan,2000,293.96
Poznan,2001,294.7
Poznan,2002,295.48
Poznan,2003,296.31
Poznan,2004,297.19
Poznan,2005,298.11
Poznan,2006,299.09
Poznan,2007,300.12
Poznan,2008,301.2
Poznan,2009,302.34
Poznan,2010,303.54
Poznan,2011,304.79
Poznan,2012,306.11
Poznan,2013,307.49
Poznan,2014,308.93
Gdansk,2000,407.16
Gdansk,2001,408.03
Gdansk,2002,408.93
Gdansk,2003,409.86
Gdansk,2004,410.83
Gdansk,2005,411.84
Gdansk,2006,412.88
Gdansk,2007,413.96
Gdansk,2008,415.07
Gdansk,2009,416.23
Gdansk,2010,417.42
Gdansk,2011,418.66
Gdansk,2012,419.94
Gdansk,2013,421.26
Gdansk,2014,422.63
Lublin,2000,208.65
Lublin,2001,208.58
Lublin,2002,208.51
Lublin,2003,208.45
Lublin,2004,208.4
Lublin,2005,208.36
Lublin,2006,208.33
Lublin,2007,208.3
Lublin,2008,208.29
Lublin,2009,208.28
Lublin,2010,208.28
Lublin,2011,208.29
Lublin,2012,208.31
Lublin,2013,208.34
Lublin,2014,208.38
Katowice,2000,696.35
Katowice,2001,693.68
Katowice,2002,691.02
Katowice,2003,688.39
Katowice,2004,685.77
Katowice,2005,683.16
Katowice,2006,680.58
Katowice,2007,678.01
Katowice,2008,675.46
Katowice,2009,672.92
Katowice,2010,670.4
Katowice,2011,667.9
Katowice,2012,665.42
Katowice,2013,662.95
Katowice,2014,660.49
Poland,2000,122.37
Poland,2001,122.34
Poland,2002,122.3
Poland,2003,122.23
Poland,2004,122.14
Poland,2005,122.09
Poland,2006,122.03
Poland,2007,121.93
Poland,2008,121.9
Poland,2009,121.96
Poland,2010,122.07
Poland,2011,123.22
Poland,2012,123.25
Poland,2013,123.24
Poland,2014,121.59
Portugal,2000,111.25
Portugal,2001,112.4
Portugal,2002,113.05
Portugal,2003,113.59
Portugal,2004,113.84
Portugal,2005,113.93
Portugal,2006,114.11
Portugal,2007,114.34
Portugal,2008,114.6
Portugal,2009,114.7
Portugal,2010,114.66
Portugal,2011,114.66
Portugal,2012,114.33
Portugal,2013,113.73
Portugal,2014,113.08
Lisbon,2000,661.46
Lisbon,2001,664.56
Lisbon,2002,667.85
Lisbon,2003,671.33
Lisbon,2004,675.01
Lisbon,2005,678.89
Lisbon,2006,682.96
Lisbon,2007,687.26
Lisbon,2008,691.76
Lisbon,2009,696.49
Lisbon,2010,701.45
Lisbon,2011,706.65
Lisbon,2012,712.1
Lisbon,2013,717.8
Lisbon,2014,723.78
Porto,2000,1341.2
Porto,2001,1343.08
Porto,2002,1345.11
Porto,2003,1347.28
Porto,2004,1349.59
Porto,2005,1352.05
Porto,2006,1354.64
Porto,2007,1357.39
Porto,2008,1360.29
Porto,2009,1363.32
Porto,2010,1366.51
Porto,2011,1369.84
Porto,2012,1373.32
Porto,2013,1376.96
Porto,2014,1380.74
Stockholm,2000,258.68
Stockholm,2001,260.39
Stockholm,2002,262.13
Stockholm,2003,263.87
Stockholm,2004,265.63
Stockholm,2005,267.4
Stockholm,2006,269.19
Stockholm,2007,270.99
Stockholm,2008,272.8
Stockholm,2009,274.63
Stockholm,2010,276.47
Stockholm,2011,278.32
Stockholm,2012,280.2
Stockholm,2013,282.08
Stockholm,2014,283.98
Gothenburg,2000,214.57
Gothenburg,2001,215.85
Gothenburg,2002,217.15
Gothenburg,2003,218.45
Gothenburg,2004,219.76
Gothenburg,2005,221.08
Gothenburg,2006,222.41
Gothenburg,2007,223.75
Gothenburg,2008,225.1
Gothenburg,2009,226.45
Gothenburg,2010,227.82
Gothenburg,2011,229.19
Gothenburg,2012,230.58
Gothenburg,2013,231.97
Gothenburg,2014,233.38
Malmö,2000,175.7
Malmö,2001,177.02
Malmö,2002,178.35
Malmö,2003,179.69
Malmö,2004,181.04
Malmö,2005,182.4
Malmö,2006,183.77
Malmö,2007,185.16
Malmö,2008,186.55
Malmö,2009,187.95
Malmö,2010,189.37
Malmö,2011,190.79
Malmö,2012,192.23
Malmö,2013,193.68
Malmö,2014,195.14
Ljubljana,2000,166.54
Ljubljana,2001,167.85
Ljubljana,2002,169.17
Ljubljana,2003,170.51
Ljubljana,2004,171.86
Ljubljana,2005,173.23
Ljubljana,2006,174.62
Ljubljana,2007,176.02
Ljubljana,2008,177.43
Ljubljana,2009,178.87
Ljubljana,2010,180.32
Ljubljana,2011,181.78
Ljubljana,2012,183.26
Ljubljana,2013,184.76
Ljubljana,2014,186.28
Bratislava,2000,264.31
Bratislava,2001,265.26
Bratislava,2002,266.23
Bratislava,2003,267.24
Bratislava,2004,268.26
Bratislava,2005,269.33
Bratislava,2006,270.42
Bratislava,2007,271.54
Bratislava,2008,272.7
Bratislava,2009,273.88
Bratislava,2010,275.11
Bratislava,2011,276.37
Bratislava,2012,277.66
Bratislava,2013,279.0
Bratislava,2014,280.37
Slovak Republic,2000,110.1
Slovak Republic,2001,109.69
Slovak Republic,2002,109.7
Slovak Republic,2003,109.7
Slovak Republic,2004,109.72
Slovak Republic,2005,109.82
Slovak Republic,2006,109.91
Slovak Republic,2007,110.0
Slovak Republic,2008,110.15
Slovak Republic,2009,110.37
Slovak Republic,2010,110.63
Slovak Republic,2011,110.84
Slovak Republic,2012,110.21
Slovak Republic,2013,110.34
Slovak Republic,2014,110.45
Slovenia,2000,98.69
Slovenia,2001,98.81
Slovenia,2002,99.0
Slovenia,2003,99.05
Slovenia,2004,99.12
Slovenia,2005,99.18
Slovenia,2006,99.47
Slovenia,2007,99.82
Slovenia,2008,99.82
Slovenia,2009,100.92
Slovenia,2010,101.65
Slovenia,2011,101.81
Slovenia,2012,102.07
Slovenia,2013,102.24
Slovenia,2014,102.35
Sweden,2000,21.6
Sweden,2001,21.65
Sweden,2002,21.71
Sweden,2003,21.79
Sweden,2004,21.87
Sweden,2005,21.96
Sweden,2006,22.05
Sweden,2007,22.21
Sweden,2008,22.38
Sweden,2009,22.56
Sweden,2010,22.76
Sweden,2011,22.95
Sweden,2012,23.28
Sweden,2013,23.46
Sweden,2014,23.68
London,2000,1515.88
London,2001,1532.96
London,2002,1550.39
London,2003,1568.19
London,2004,1586.36
London,2005,1604.92
London,2006,1623.89
London,2007,1643.27
London,2008,1663.08
London,2009,1683.34
London,2010,1704.05
London,2011,1725.24
London,2012,1746.93
London,2013,1769.13
London,2014,1791.85
Birmingham (UK),2000,1198.27
Birmingham (UK),2001,1206.42
Birmingham (UK),2002,1214.91
Birmingham (UK),2003,1223.73
Birmingham (UK),2004,1232.91
Birmingham (UK),2005,1242.43
Birmingham (UK),2006,1252.32
Birmingham (UK),2007,1262.59
Birmingham (UK),2008,1273.25
Birmingham (UK),2009,1284.29
Birmingham (UK),2010,1295.75
Birmingham (UK),2011,1307.62
Birmingham (UK),2012,1319.92
Birmingham (UK),2013,1332.66
Birmingham (UK),2014,1345.87
Leeds,2000,647.43
Leeds,2001,649.14
Leeds,2002,651.09
Leeds,2003,653.3
Leeds,2004,655.75
Leeds,2005,658.46
Leeds,2006,661.41
Leeds,2007,664.6
Leeds,2008,668.05
Leeds,2009,671.75
Leeds,2010,675.71
Leeds,2011,679.9
Leeds,2012,684.36
Leeds,2013,689.07
Leeds,2014,694.05
Bradford,2000,1101.01
Bradford,2001,1107.47
Bradford,2002,1115.01
Bradford,2003,1123.64
Bradford,2004,1133.4
Bradford,2005,1144.32
Bradford,2006,1156.43
Bradford,2007,1169.77
Bradford,2008,1184.38
Bradford,2009,1200.32
Bradford,2010,1217.62
Bradford,2011,1236.34
Bradford,2012,1256.55
Bradford,2013,1278.32
Bradford,2014,1301.7
Liverpool,2000,1651.32
Liverpool,2001,1647.59
Liverpool,2002,1645.02
Liverpool,2003,1643.64
Liverpool,2004,1643.45
Liverpool,2005,1644.49
Liverpool,2006,1646.77
Liverpool,2007,1650.31
Liverpool,2008,1655.14
Liverpool,2009,1661.33
Liverpool,2010,1668.91
Liverpool,2011,1677.92
Liverpool,2012,1688.41
Liverpool,2013,1700.46
Liverpool,2014,1714.12
Manchester,2000,1180.8
Manchester,2001,1187.64
Manchester,2002,1195.18
Manchester,2003,1203.43
Manchester,2004,1212.42
Manchester,2005,1222.16
Manchester,2006,1232.68
Manchester,2007,1244.01
Manchester,2008,1256.18
Manchester,2009,1269.24
Manchester,2010,1283.18
Manchester,2011,1298.08
Manchester,2012,1313.95
Manchester,2013,1330.85
Manchester,2014,1348.81
Cardiff,2000,807.32
Cardiff,2001,812.34
Cardiff,2002,817.61
Cardiff,2003,823.14
Cardiff,2004,828.93
Cardiff,2005,835.0
Cardiff,2006,841.31
Cardiff,2007,847.91
Cardiff,2008,854.79
Cardiff,2009,861.95
Cardiff,2010,869.4
Cardiff,2011,877.15
Cardiff,2012,885.2
Cardiff,2013,893.58
Cardiff,2014,902.28
Sheffield,2000,754.42
Sheffield,2001,755.37
Sheffield,2002,756.92
Sheffield,2003,759.1
Sheffield,2004,761.92
Sheffield,2005,765.39
Sheffield,2006,769.52
Sheffield,2007,774.34
Sheffield,2008,779.86
Sheffield,2009,786.1
Sheffield,2010,793.09
Sheffield,2011,800.85
Sheffield,2012,809.41
Sheffield,2013,818.79
Sheffield,2014,829.03
Bristol,2000,890.7
Bristol,2001,898.46
Bristol,2002,906.56
Bristol,2003,915.01
Bristol,2004,923.82
Bristol,2005,933.01
Bristol,2006,942.61
Bristol,2007,952.61
Bristol,2008,963.06
Bristol,2009,973.96
Bristol,2010,985.35
Bristol,2011,997.25
Bristol,2012,1009.7
Bristol,2013,1022.7
Bristol,2014,1036.31
Newcastle,2000,352.25
Newcastle,2001,352.73
Newcastle,2002,353.39
Newcastle,2003,354.24
Newcastle,2004,355.28
Newcastle,2005,356.5
Newcastle,2006,357.93
Newcastle,2007,359.55
Newcastle,2008,361.38
Newcastle,2009,363.41
Newcastle,2010,365.66
Newcastle,2011,368.12
Newcastle,2012,370.8
Newcastle,2013,373.71
Newcastle,2014,376.85
Leicester,2000,540.79
Leicester,2001,546.22
Leicester,2002,551.77
Leicester,2003,557.45
Leicester,2004,563.26
Leicester,2005,569.21
Leicester,2006,575.3
Leicester,2007,581.54
Leicester,2008,587.92
Leicester,2009,594.47
Leicester,2010,601.18
Leicester,2011,608.05
Leicester,2012,615.1
Leicester,2013,622.33
Leicester,2014,629.75
Portsmouth,2000,1261.52
Portsmouth,2001,1269.16
Portsmouth,2002,1276.99
Portsmouth,2003,1285.01
Portsmouth,2004,1293.22
Portsmouth,2005,1301.6
Portsmouth,2006,1310.2
Portsmouth,2007,1319.0
Portsmouth,2008,1328.01
Portsmouth,2009,1337.23
Portsmouth,2010,1346.69
Portsmouth,2011,1356.38
Portsmouth,2012,1366.32
Portsmouth,2013,1376.52
Portsmouth,2014,1386.97
Nottingham,2000,700.12
Nottingham,2001,704.67
Nottingham,2002,709.36
Nottingham,2003,714.21
Nottingham,2004,719.19
Nottingham,2005,724.32
Nottingham,2006,729.6
Nottingham,2007,735.04
Nottingham,2008,740.64
Nottingham,2009,746.4
Nottingham,2010,752.31
Nottingham,2011,758.41
Nottingham,2012,764.69
Nottingham,2013,771.15
Nottingham,2014,777.79
Glasgow,2000,1084.26
Glasgow,2001,1084.56
Glasgow,2002,1085.31
Glasgow,2003,1086.5
Glasgow,2004,1088.12
Glasgow,2005,1090.19
Glasgow,2006,1092.7
Glasgow,2007,1095.7
Glasgow,2008,1099.15
Glasgow,2009,1103.07
Glasgow,2010,1107.46
Glasgow,2011,1112.35
Glasgow,2012,1117.72
Glasgow,2013,1123.61
Glasgow,2014,1130.0
Edinburgh,2000,526.53
Edinburgh,2001,529.06
Edinburgh,2002,531.93
Edinburgh,2003,535.16
Edinburgh,2004,538.76
Edinburgh,2005,542.73
Edinburgh,2006,547.09
Edinburgh,2007,551.85
Edinburgh,2008,557.01
Edinburgh,2009,562.61
Edinburgh,2010,568.64
Edinburgh,2011,575.12
Edinburgh,2012,582.06
Edinburgh,2013,589.49
Edinburgh,2014,597.42
Seattle,2000,209.71
Seattle,2001,212.25
Seattle,2002,214.83
Seattle,2003,217.45
Seattle,2004,220.09
Seattle,2005,222.77
Seattle,2006,225.48
Seattle,2007,228.23
Seattle,2008,231.01
Seattle,2009,233.83
Seattle,2010,236.68
Seattle,2011,239.57
Seattle,2012,242.5
Seattle,2013,245.46
Seattle,2014,248.47
Portland,2000,109.18
Portland,2001,110.76
Portland,2002,112.35
Portland,2003,113.98
Portland,2004,115.62
Portland,2005,117.3
Portland,2006,119.0
Portland,2007,120.72
Portland,2008,122.48
Portland,2009,124.26
Portland,2010,126.07
Portland,2011,127.91
Portland,2012,129.77
Portland,2013,131.67
Portland,2014,133.6
Minneapolis,2000,144.17
Minneapolis,2001,145.53
Minneapolis,2002,146.93
Minneapolis,2003,148.36
Minneapolis,2004,149.81
Minneapolis,2005,151.3
Minneapolis,2006,152.82
Minneapolis,2007,154.37
Minneapolis,2008,155.96
Minneapolis,2009,157.58
Minneapolis,2010,159.24
Minneapolis,2011,160.93
Minneapolis,2012,162.66
Minneapolis,2013,164.43
Minneapolis,2014,166.23
Milwaukee,2000,388.22
Milwaukee,2001,389.59
Milwaukee,2002,390.98
Milwaukee,2003,392.38
Milwaukee,2004,393.79
Milwaukee,2005,395.22
Milwaukee,2006,396.65
Milwaukee,2007,398.09
Milwaukee,2008,399.55
Milwaukee,2009,401.01
Milwaukee,2010,402.49
Milwaukee,2011,403.97
Milwaukee,2012,405.47
Milwaukee,2013,406.98
Milwaukee,2014,408.51
Madison,2000,90.92
Madison,2001,92.1
Madison,2002,93.3
Madison,2003,94.51
Madison,2004,95.73
Madison,2005,96.97
Madison,2006,98.23
Madison,2007,99.51
Madison,2008,100.8
Madison,2009,102.11
Madison,2010,103.44
Madison,2011,104.78
Madison,2012,106.14
Madison,2013,107.52
Madison,2014,108.92
Buffalo,2000,284.59
Buffalo,2001,283.74
Buffalo,2002,282.89
Buffalo,2003,282.04
Buffalo,2004,281.2
Buffalo,2005,280.35
Buffalo,2006,279.51
Buffalo,2007,278.67
Buffalo,2008,277.84
Buffalo,2009,277.01
Buffalo,2010,276.18
Buffalo,2011,275.35
Buffalo,2012,274.53
Buffalo,2013,273.7
Buffalo,2014,272.88
Grand Rapids,2000,254.25
Grand Rapids,2001,255.47
Grand Rapids,2002,256.7
Grand Rapids,2003,257.94
Grand Rapids,2004,259.18
Grand Rapids,2005,260.43
Grand Rapids,2006,261.69
Grand Rapids,2007,262.95
Grand Rapids,2008,264.22
Grand Rapids,2009,265.49
Grand Rapids,2010,266.77
Grand Rapids,2011,268.05
Grand Rapids,2012,269.35
Grand Rapids,2013,270.64
Grand Rapids,2014,271.95
Albany,2000,110.79
Albany,2001,111.37
Albany,2002,111.96
Albany,2003,112.55
Albany,2004,113.15
Albany,2005,113.75
Albany,2006,114.35
Albany,2007,114.96
Albany,2008,115.57
Albany,2009,116.18
Albany,2010,116.8
Albany,2011,117.42
Albany,2012,118.05
Albany,2013,118.68
Albany,2014,119.32
Detroit,2000,771.0
Detroit,2001,767.29
Detroit,2002,763.64
Detroit,2003,760.06
Detroit,2004,756.54
Detroit,2005,753.09
Detroit,2006,749.7
Detroit,2007,746.37
Detroit,2008,743.11
Detroit,2009,739.91
Detroit,2010,736.76
Detroit,2011,733.68
Detroit,2012,730.66
Detroit,2013,727.7
Detroit,2014,724.8
Boston,2000,730.64
Boston,2001,732.89
Boston,2002,735.15
Boston,2003,737.41
Boston,2004,739.68
Boston,2005,741.96
Boston,2006,744.24
Boston,2007,746.54
Boston,2008,748.84
Boston,2009,751.15
Boston,2010,753.46
Boston,2011,755.78
Boston,2012,758.12
Boston,2013,760.45
Boston,2014,762.8
Chicago,2000,481.13
Chicago,2001,482.69
Chicago,2002,484.33
Chicago,2003,486.05
Chicago,2004,487.83
Chicago,2005,489.7
Chicago,2006,491.64
Chicago,2007,493.68
Chicago,2008,495.8
Chicago,2009,498.01
Chicago,2010,500.31
Chicago,2011,502.71
Chicago,2012,505.22
Chicago,2013,507.84
Chicago,2014,510.56
Providence,2000,504.07
Providence,2001,504.27
Providence,2002,504.47
Providence,2003,504.67
Providence,2004,504.87
Providence,2005,505.08
Providence,2006,505.28
Providence,2007,505.48
Providence,2008,505.68
Providence,2009,505.89
Providence,2010,506.09
Providence,2011,506.29
Providence,2012,506.5
Providence,2013,506.7
Providence,2014,506.91
Toledo (US),2000,500.75
Toledo (US),2001,499.28
Toledo (US),2002,497.8
Toledo (US),2003,496.34
Toledo (US),2004,494.87
Toledo (US),2005,493.42
Toledo (US),2006,491.96
Toledo (US),2007,490.51
Toledo (US),2008,489.06
Toledo (US),2009,487.62
Toledo (US),2010,486.18
Toledo (US),2011,484.75
Toledo (US),2012,483.32
Toledo (US),2013,481.9
Toledo (US),2014,480.48
Cleveland,2000,905.8
Cleveland,2001,899.34
Cleveland,2002,892.93
Cleveland,2003,886.57
Cleveland,2004,880.27
Cleveland,2005,874.03
Cleveland,2006,867.84
Cleveland,2007,861.7
Cleveland,2008,855.62
Cleveland,2009,849.59
Cleveland,2010,843.61
Cleveland,2011,837.69
Cleveland,2012,831.82
Cleveland,2013,825.99
Cleveland,2014,820.22
Des Moines,2000,56.92
Des Moines,2001,57.81
Des Moines,2002,58.73
Des Moines,2003,59.66
Des Moines,2004,60.61
Des Moines,2005,61.59
Des Moines,2006,62.59
Des Moines,2007,63.62
Des Moines,2008,64.67
Des Moines,2009,65.74
Des Moines,2010,66.84
Des Moines,2011,67.97
Des Moines,2012,69.13
Des Moines,2013,70.32
Des Moines,2014,71.54
Omaha,2000,67.22
Omaha,2001,68.02
Omaha,2002,68.83
Omaha,2003,69.66
Omaha,2004,70.5
Omaha,2005,71.35
Omaha,2006,72.22
Omaha,2007,73.1
Omaha,2008,73.99
Omaha,2009,74.9
Omaha,2010,75.83
Omaha,2011,76.77
Omaha,2012,77.73
Omaha,2013,78.7
Omaha,2014,79.69
Akron,2000,499.04
Akron,2001,498.94
Akron,2002,498.83
Akron,2003,498.73
Akron,2004,498.63
Akron,2005,498.52
Akron,2006,498.42
Akron,2007,498.32
Akron,2008,498.22
Akron,2009,498.11
Akron,2010,498.01
Akron,2011,497.91
Akron,2012,497.8
Akron,2013,497.7
Akron,2014,497.6
New York,2000,1630.9
New York,2001,1635.09
New York,2002,1639.3
New York,2003,1643.53
New York,2004,1647.78
New York,2005,1652.05
New York,2006,1656.33
New York,2007,1660.64
New York,2008,1664.97
New York,2009,1669.31
New York,2010,1673.68
New York,2011,1678.07
New York,2012,1682.47
New York,2013,1686.9
New York,2014,1691.35
Salt Lake City,2000,35.0
Salt Lake City,2001,35.52
Salt Lake City,2002,36.05
Salt Lake City,2003,36.59
Salt Lake City,2004,37.13
Salt Lake City,2005,37.69
Salt Lake City,2006,38.25
Salt Lake City,2007,38.83
Salt Lake City,2008,39.41
Salt Lake City,2009,40.01
Salt Lake City,2010,40.61
Salt Lake City,2011,41.22
Salt Lake City,2012,41.85
Salt Lake City,2013,42.48
Salt Lake City,2014,43.13
Pittsburgh,2000,664.47
Pittsburgh,2001,661.39
Pittsburgh,2002,658.32
Pittsburgh,2003,655.27
Pittsburgh,2004,652.22
Pittsburgh,2005,649.2
Pittsburgh,2006,646.19
Pittsburgh,2007,643.19
Pittsburgh,2008,640.2
Pittsburgh,2009,637.23
Pittsburgh,2010,634.28
Pittsburgh,2011,631.33
Pittsburgh,2012,628.4
Pittsburgh,2013,625.49
Pittsburgh,2014,622.59
Harrisburg,2000,99.79
Harrisburg,2001,100.56
Harrisburg,2002,101.33
Harrisburg,2003,102.1
Harrisburg,2004,102.88
Harrisburg,2005,103.67
Harrisburg,2006,104.47
Harrisburg,2007,105.27
Harrisburg,2008,106.08
Harrisburg,2009,106.89
Harrisburg,2010,107.71
Harrisburg,2011,108.54
Harrisburg,2012,109.38
Harrisburg,2013,110.22
Harrisburg,2014,111.07
Philadelphia,2000,907.13
Philadelphia,2001,909.39
Philadelphia,2002,911.66
Philadelphia,2003,913.93
Philadelphia,2004,916.22
Philadelphia,2005,918.52
Philadelphia,2006,920.83
Philadelphia,2007,923.16
Philadelphia,2008,925.49
Philadelphia,2009,927.83
Philadelphia,2010,930.19
Philadelphia,2011,932.55
Philadelphia,2012,934.93
Philadelphia,2013,937.32
Philadelphia,2014,939.72
Columbus,2000,142.79
Columbus,2001,144.57
Columbus,2002,146.39
Columbus,2003,148.24
Columbus,2004,150.13
Columbus,2005,152.06
Columbus,2006,154.04
Columbus,2007,156.05
Columbus,2008,158.11
Columbus,2009,160.22
Columbus,2010,162.37
Columbus,2011,164.58
Columbus,2012,166.83
Columbus,2013,169.14
Columbus,2014,171.5
Denver,2000,100.0
Denver,2001,101.5
Denver,2002,103.05
Denver,2003,104.63
Denver,2004,106.26
Denver,2005,107.94
Denver,2006,109.66
Denver,2007,111.44
Denver,2008,113.26
Denver,2009,115.13
Denver,2010,117.06
Denver,2011,119.05
Denver,2012,121.09
Denver,2013,123.2
Denver,2014,125.37
Indianapolis,2000,206.45
Indianapolis,2001,209.35
Indianapolis,2002,212.32
Indianapolis,2003,215.38
Indianapolis,2004,218.52
Indianapolis,2005,221.75
Indianapolis,2006,225.08
Indianapolis,2007,228.49
Indianapolis,2008,232.01
Indianapolis,2009,235.62
Indianapolis,2010,239.34
Indianapolis,2011,243.17
Indianapolis,2012,247.12
Indianapolis,2013,251.18
Indianapolis,2014,255.36
Dayton,2000,309.98
Dayton,2001,309.49
Dayton,2002,309.0
Dayton,2003,308.53
Dayton,2004,308.07
Dayton,2005,307.61
Dayton,2006,307.17
Dayton,2007,306.74
Dayton,2008,306.31
Dayton,2009,305.9
Dayton,2010,305.5
Dayton,2011,305.1
Dayton,2012,304.72
Dayton,2013,304.35
Dayton,2014,303.98
Baltimore,2000,501.83
Baltimore,2001,503.97
Baltimore,2002,506.15
Baltimore,2003,508.37
Baltimore,2004,510.62
Baltimore,2005,512.91
Baltimore,2006,515.23
Baltimore,2007,517.59
Baltimore,2008,519.98
Baltimore,2009,522.42
Baltimore,2010,524.89
Baltimore,2011,527.4
Baltimore,2012,529.94
Baltimore,2013,532.53
Baltimore,2014,535.16
Cincinnati,2000,184.38
Cincinnati,2001,185.34
Cincinnati,2002,186.34
Cincinnati,2003,187.36
Cincinnati,2004,188.42
Cincinnati,2005,189.51
Cincinnati,2006,190.63
Cincinnati,2007,191.79
Cincinnati,2008,192.98
Cincinnati,2009,194.21
Cincinnati,2010,195.47
Cincinnati,2011,196.77
Cincinnati,2012,198.11
Cincinnati,2013,199.49
Cincinnati,2014,200.91
Washington,2000,291.31
Washington,2001,295.58
Washington,2002,299.96
Washington,2003,304.45
Washington,2004,309.06
Washington,2005,313.79
Washington,2006,318.64
Washington,2007,323.62
Washington,2008,328.74
Washington,2009,334.01
Washington,2010,339.42
Washington,2011,344.98
Washington,2012,350.71
Washington,2013,356.6
Washington,2014,362.67
Kansas City,2000,94.85
Kansas City,2001,95.81
Kansas City,2002,96.79
Kansas City,2003,97.79
Kansas City,2004,98.8
Kansas City,2005,99.82
Kansas City,2006,100.87
Kansas City,2007,101.93
Kansas City,2008,103.01
Kansas City,2009,104.11
Kansas City,2010,105.23
Kansas City,2011,106.36
Kansas City,2012,107.52
Kansas City,2013,108.69
Kansas City,2014,109.89
Colorado Springs,2000,77.19
Colorado Springs,2001,78.62
Colorado Springs,2002,80.07
Colorado Springs,2003,81.55
Colorado Springs,2004,83.06
Colorado Springs,2005,84.6
Colorado Springs,2006,86.16
Colorado Springs,2007,87.76
Colorado Springs,2008,89.38
Colorado Springs,2009,91.03
Colorado Springs,2010,92.72
Colorado Springs,2011,94.44
Colorado Springs,2012,96.18
Colorado Springs,2013,97.96
Colorado Springs,2014,99.78
Saint Louis (US),2000,189.03
Saint Louis (US),2001,189.71
Saint Louis (US),2002,190.41
Saint Louis (US),2003,191.14
Saint Louis (US),2004,191.88
Saint Louis (US),2005,192.66
Saint Louis (US),2006,193.45
Saint Louis (US),2007,194.27
Saint Louis (US),2008,195.12
Saint Louis (US),2009,195.99
Saint Louis (US),2010,196.89
Saint Louis (US),2011,197.82
Saint Louis (US),2012,198.77
Saint Louis (US),2013,199.75
Saint Louis (US),2014,200.76
Sacramento/Roseville,2000,130.68
Sacramento/Roseville,2001,133.02
Sacramento/Roseville,2002,135.4
Sacramento/Roseville,2003,137.83
Sacramento/Roseville,2004,140.31
Sacramento/Roseville,2005,142.84
Sacramento/Roseville,2006,145.42
Sacramento/Roseville,2007,148.06
Sacramento/Roseville,2008,150.75
Sacramento/Roseville,2009,153.5
Sacramento/Roseville,2010,156.3
Sacramento/Roseville,2011,159.17
Sacramento/Roseville,2012,162.09
Sacramento/Roseville,2013,165.08
Sacramento/Roseville,2014,168.13
Louisville,2000,118.89
Louisville,2001,120.03
Louisville,2002,121.19
Louisville,2003,122.36
Louisville,2004,123.55
Louisville,2005,124.75
Louisville,2006,125.97
Louisville,2007,127.21
Louisville,2008,128.47
Louisville,2009,129.75
Louisville,2010,131.05
Louisville,2011,132.36
Louisville,2012,133.69
Louisville,2013,135.05
Louisville,2014,136.42
San Francisco,2000,380.91
San Francisco,2001,382.83
San Francisco,2002,384.77
San Francisco,2003,386.72
San Francisco,2004,388.68
San Francisco,2005,390.65
San Francisco,2006,392.64
San Francisco,2007,394.64
San Francisco,2008,396.65
San Francisco,2009,398.67
San Francisco,2010,400.71
San Francisco,2011,402.76
San Francisco,2012,404.82
San Francisco,2013,406.89
San Francisco,2014,408.98
Wichita,2000,57.09
Wichita,2001,57.6
Wichita,2002,58.11
Wichita,2003,58.63
Wichita,2004,59.15
Wichita,2005,59.68
Wichita,2006,60.21
Wichita,2007,60.75
Wichita,2008,61.29
Wichita,2009,61.85
Wichita,2010,62.4
Wichita,2011,62.96
Wichita,2012,63.53
Wichita,2013,64.1
Wichita,2014,64.68
Richmond,2000,578.66
Richmond,2001,584.68
Richmond,2002,590.79
Richmond,2003,596.99
Richmond,2004,603.27
Richmond,2005,609.64
Richmond,2006,616.1
Richmond,2007,622.65
Richmond,2008,629.3
Richmond,2009,636.04
Richmond,2010,642.88
Richmond,2011,649.82
Richmond,2012,656.85
Richmond,2013,663.99
Richmond,2014,671.23
Norfolk-Portsmouth-Chesapeake-Virginia beach,2000,334.89
Norfolk-Portsmouth-Chesapeake-Virginia beach,2001,336.72
Norfolk-Portsmouth-Chesapeake-Virginia beach,2002,338.58
Norfolk-Portsmouth-Chesapeake-Virginia beach,2003,340.47
Norfolk-Portsmouth-Chesapeake-Virginia beach,2004,342.39
Norfolk-Portsmouth-Chesapeake-Virginia beach,2005,344.33
Norfolk-Portsmouth-Chesapeake-Virginia beach,2006,346.31
Norfolk-Portsmouth-Chesapeake-Virginia beach,2007,348.32
Norfolk-Portsmouth-Chesapeake-Virginia beach,2008,350.36
Norfolk-Portsmouth-Chesapeake-Virginia beach,2009,352.44
Norfolk-Portsmouth-Chesapeake-Virginia beach,2010,354.54
Norfolk-Portsmouth-Chesapeake-Virginia beach,2011,356.68
Norfolk-Portsmouth-Chesapeake-Virginia beach,2012,358.86
Norfolk-Portsmouth-Chesapeake-Virginia beach,2013,361.07
Norfolk-Portsmouth-Chesapeake-Virginia beach,2014,363.32
Fresno,2000,43.59
Fresno,2001,44.29
Fresno,2002,45.0
Fresno,2003,45.72
Fresno,2004,46.46
Fresno,2005,47.2
Fresno,2006,47.96
Fresno,2007,48.73
Fresno,2008,49.51
Fresno,2009,50.31
Fresno,2010,51.12
Fresno,2011,51.94
Fresno,2012,52.77
Fresno,2013,53.62
Fresno,2014,54.48
Las Vegas,2000,20.71
Las Vegas,2001,21.45
Las Vegas,2002,22.21
Las Vegas,2003,23.0
Las Vegas,2004,23.81
Las Vegas,2005,24.65
Las Vegas,2006,25.53
Las Vegas,2007,26.43
Las Vegas,2008,27.37
Las Vegas,2009,28.34
Las Vegas,2010,29.35
Las Vegas,2011,30.39
Las Vegas,2012,31.46
Las Vegas,2013,32.58
Las Vegas,2014,33.74
Nashville,2000,115.38
Nashville,2001,117.27
Nashville,2002,119.2
Nashville,2003,121.18
Nashville,2004,123.2
Nashville,2005,125.26
Nashville,2006,127.37
Nashville,2007,129.53
Nashville,2008,131.74
Nashville,2009,133.99
Nashville,2010,136.3
Nashville,2011,138.67
Nashville,2012,141.09
Nashville,2013,143.56
Nashville,2014,146.09
Tulsa,2000,47.71
Tulsa,2001,48.12
Tulsa,2002,48.53
Tulsa,2003,48.94
Tulsa,2004,49.36
Tulsa,2005,49.78
Tulsa,2006,50.21
Tulsa,2007,50.65
Tulsa,2008,51.09
Tulsa,2009,51.53
Tulsa,2010,51.99
Tulsa,2011,52.45
Tulsa,2012,52.91
Tulsa,2013,53.38
Tulsa,2014,53.86
Raleigh,2000,143.29
Raleigh,2001,148.38
Raleigh,2002,153.66
Raleigh,2003,159.12
Raleigh,2004,164.78
Raleigh,2005,170.64
Raleigh,2006,176.71
Raleigh,2007,183.0
Raleigh,2008,189.52
Raleigh,2009,196.26
Raleigh,2010,203.25
Raleigh,2011,210.49
Raleigh,2012,217.99
Raleigh,2013,225.76
Raleigh,2014,233.81
Oklahoma city,2000,75.77
Oklahoma city,2001,76.78
Oklahoma city,2002,77.81
Oklahoma city,2003,78.85
Oklahoma city,2004,79.91
Oklahoma city,2005,80.99
Oklahoma city,2006,82.09
Oklahoma city,2007,83.2
Oklahoma city,2008,84.34
Oklahoma city,2009,85.5
Oklahoma city,2010,86.67
Oklahoma city,2011,87.87
Oklahoma city,2012,89.08
Oklahoma city,2013,90.32
Oklahoma city,2014,91.58
Charlotte,2000,236.57
Charlotte,2001,244.03
Charlotte,2002,251.73
Charlotte,2003,259.69
Charlotte,2004,267.92
Charlotte,2005,276.42
Charlotte,2006,285.2
Charlotte,2007,294.28
Charlotte,2008,303.67
Charlotte,2009,313.37
Charlotte,2010,323.39
Charlotte,2011,333.76
Charlotte,2012,344.48
Charlotte,2013,355.56
Charlotte,2014,367.02
Albuquerque,2000,30.3
Albuquerque,2001,30.89
Albuquerque,2002,31.49
Albuquerque,2003,32.11
Albuquerque,2004,32.74
Albuquerque,2005,33.39
Albuquerque,2006,34.05
Albuquerque,2007,34.72
Albuquerque,2008,35.41
Albuquerque,2009,36.12
Albuquerque,2010,36.84
Albuquerque,2011,37.58
Albuquerque,2012,38.34
Albuquerque,2013,39.11
Albuquerque,2014,39.9
Memphis,2000,91.67
Memphis,2001,92.43
Memphis,2002,93.2
Memphis,2003,93.99
Memphis,2004,94.79
Memphis,2005,95.62
Memphis,2006,96.47
Memphis,2007,97.35
Memphis,2008,98.24
Memphis,2009,99.16
Memphis,2010,100.11
Memphis,2011,101.08
Memphis,2012,102.07
Memphis,2013,103.1
Memphis,2014,104.15
Little Rock,2000,75.03
Little Rock,2001,76.05
Little Rock,2002,77.09
Little Rock,2003,78.16
Little Rock,2004,79.25
Little Rock,2005,80.36
Little Rock,2006,81.49
Little Rock,2007,82.65
Little Rock,2008,83.84
Little Rock,2009,85.05
Little Rock,2010,86.29
Little Rock,2011,87.55
Little Rock,2012,88.84
Little Rock,2013,90.16
Little Rock,2014,91.51
Los Angeles,2000,186.66
Los Angeles,2001,188.22
Los Angeles,2002,189.81
Los Angeles,2003,191.43
Los Angeles,2004,193.09
Los Angeles,2005,194.78
Los Angeles,2006,196.51
Los Angeles,2007,198.27
Los Angeles,2008,200.07
Los Angeles,2009,201.91
Los Angeles,2010,203.79
Los Angeles,2011,205.71
Los Angeles,2012,207.68
Los Angeles,2013,209.69
Los Angeles,2014,211.74
Columbia,2000,135.47
Columbia,2001,138.02
Columbia,2002,140.63
Columbia,2003,143.28
Columbia,2004,145.98
Columbia,2005,148.73
Columbia,2006,151.53
Columbia,2007,154.39
Columbia,2008,157.3
Columbia,2009,160.26
Columbia,2010,163.28
Columbia,2011,166.36
Columbia,2012,169.5
Columbia,2013,172.69
Columbia,2014,175.95
Atlanta,2000,367.52
Atlanta,2001,374.43
Atlanta,2002,381.54
Atlanta,2003,388.86
Atlanta,2004,396.4
Atlanta,2005,404.18
Atlanta,2006,412.19
Atlanta,2007,420.45
Atlanta,2008,428.97
Atlanta,2009,437.76
Atlanta,2010,446.83
Atlanta,2011,456.19
Atlanta,2012,465.85
Atlanta,2013,475.83
Atlanta,2014,486.13
Phoenix,2000,128.6
Phoenix,2001,131.42
Phoenix,2002,134.31
Phoenix,2003,137.26
Phoenix,2004,140.27
Phoenix,2005,143.35
Phoenix,2006,146.49
Phoenix,2007,149.71
Phoenix,2008,152.99
Phoenix,2009,156.35
Phoenix,2010,159.78
Phoenix,2011,163.29
Phoenix,2012,166.88
Phoenix,2013,170.54
Phoenix,2014,174.28
Birmingham (US),2000,127.96
Birmingham (US),2001,128.66
Birmingham (US),2002,129.39
Birmingham (US),2003,130.14
Birmingham (US),2004,130.92
Birmingham (US),2005,131.72
Birmingham (US),2006,132.54
Birmingham (US),2007,133.39
Birmingham (US),2008,134.27
Birmingham (US),2009,135.17
Birmingham (US),2010,136.1
Birmingham (US),2011,137.06
Birmingham (US),2012,138.05
Birmingham (US),2013,139.07
Birmingham (US),2014,140.12
Dallas,2000,279.2
Dallas,2001,284.62
Dallas,2002,290.24
Dallas,2003,296.07
Dallas,2004,302.11
Dallas,2005,308.38
Dallas,2006,314.89
Dallas,2007,321.64
Dallas,2008,328.65
Dallas,2009,335.93
Dallas,2010,343.49
Dallas,2011,351.34
Dallas,2012,359.5
Dallas,2013,367.99
Dallas,2014,376.81
San Diego,2000,255.14
San Diego,2001,257.58
San Diego,2002,260.05
San Diego,2003,262.54
San Diego,2004,265.06
San Diego,2005,267.6
San Diego,2006,270.16
San Diego,2007,272.75
San Diego,2008,275.36
San Diego,2009,278.0
San Diego,2010,280.66
San Diego,2011,283.35
San Diego,2012,286.07
San Diego,2013,288.81
San Diego,2014,291.57
Fort Worth,2000,327.82
Fort Worth,2001,335.33
Fort Worth,2002,343.01
Fort Worth,2003,350.87
Fort Worth,2004,358.91
Fort Worth,2005,367.14
Fort Worth,2006,375.55
Fort Worth,2007,384.16
Fort Worth,2008,392.97
Fort Worth,2009,401.98
Fort Worth,2010,411.19
Fort Worth,2011,420.62
Fort Worth,2012,430.27
Fort Worth,2013,440.13
Fort Worth,2014,450.23
Charleston,2000,74.59
Charleston,2001,76.0
Charleston,2002,77.44
Charleston,2003,78.92
Charleston,2004,80.44
Charleston,2005,81.98
Charleston,2006,83.57
Charleston,2007,85.19
Charleston,2008,86.85
Charleston,2009,88.55
Charleston,2010,90.29
Charleston,2011,92.06
Charleston,2012,93.89
Charleston,2013,95.75
Charleston,2014,97.66
Tucson,2000,35.45
Tucson,2001,35.99
Tucson,2002,36.53
Tucson,2003,37.08
Tucson,2004,37.64
Tucson,2005,38.21
Tucson,2006,38.79
Tucson,2007,39.38
Tucson,2008,39.97
Tucson,2009,40.57
Tucson,2010,41.19
Tucson,2011,41.81
Tucson,2012,42.44
Tucson,2013,43.08
Tucson,2014,43.73
El Paso,2000,47.21
El Paso,2001,47.98
El Paso,2002,48.77
El Paso,2003,49.58
El Paso,2004,50.39
El Paso,2005,51.22
El Paso,2006,52.07
El Paso,2007,52.92
El Paso,2008,53.79
El Paso,2009,54.68
El Paso,2010,55.58
El Paso,2011,56.5
El Paso,2012,57.43
El Paso,2013,58.37
El Paso,2014,59.33
Baton Rouge,2000,90.23
Baton Rouge,2001,91.14
Baton Rouge,2002,92.07
Baton Rouge,2003,93.02
Baton Rouge,2004,93.99
Baton Rouge,2005,94.98
Baton Rouge,2006,95.99
Baton Rouge,2007,97.03
Baton Rouge,2008,98.09
Baton Rouge,2009,99.17
Baton Rouge,2010,100.27
Baton Rouge,2011,101.41
Baton Rouge,2012,102.56
Baton Rouge,2013,103.75
Baton Rouge,2014,104.96
Austin,2000,112.75
Austin,2001,116.3
Austin,2002,119.97
Austin,2003,123.79
Austin,2004,127.74
Austin,2005,131.85
Austin,2006,136.11
Austin,2007,140.53
Austin,2008,145.12
Austin,2009,149.89
Austin,2010,154.84
Austin,2011,159.98
Austin,2012,165.33
Austin,2013,170.88
Austin,2014,176.65
Jacksonville,2000,126.56
Jacksonville,2001,128.79
Jacksonville,2002,131.08
Jacksonville,2003,133.42
Jacksonville,2004,135.83
Jacksonville,2005,138.3
Jacksonville,2006,140.84
Jacksonville,2007,143.44
Jacksonville,2008,146.11
Jacksonville,2009,148.86
Jacksonville,2010,151.68
Jacksonville,2011,154.57
Jacksonville,2012,157.54
Jacksonville,2013,160.6
Jacksonville,2014,163.74
New Orleans,2000,106.93
New Orleans,2001,105.45
New Orleans,2002,104.04
New Orleans,2003,102.7
New Orleans,2004,101.43
New Orleans,2005,100.23
New Orleans,2006,99.09
New Orleans,2007,98.01
New Orleans,2008,96.98
New Orleans,2009,96.02
New Orleans,2010,95.11
New Orleans,2011,94.25
New Orleans,2012,93.44
New Orleans,2013,92.68
New Orleans,2014,91.98
Houston,2000,208.69
Houston,2001,213.49
Houston,2002,218.42
Houston,2003,223.49
Houston,2004,228.7
Houston,2005,234.06
Houston,2006,239.57
Houston,2007,245.24
Houston,2008,251.08
Houston,2009,257.09
Houston,2010,263.27
Houston,2011,269.63
Houston,2012,276.19
Houston,2013,282.94
Houston,2014,289.9
San Antonio,2000,89.49
San Antonio,2001,91.51
San Antonio,2002,93.58
San Antonio,2003,95.7
San Antonio,2004,97.87
San Antonio,2005,100.09
San Antonio,2006,102.36
San Antonio,2007,104.69
San Antonio,2008,107.07
San Antonio,2009,109.52
San Antonio,2010,112.02
San Antonio,2011,114.58
San Antonio,2012,117.2
San Antonio,2013,119.89
San Antonio,2014,122.64
Orlando,2000,158.28
Orlando,2001,162.4
Orlando,2002,166.65
Orlando,2003,171.02
Orlando,2004,175.51
Orlando,2005,180.14
Orlando,2006,184.91
Orlando,2007,189.81
Orlando,2008,194.87
Orlando,2009,200.07
Orlando,2010,205.42
Orlando,2011,210.94
Orlando,2012,216.62
Orlando,2013,222.47
Orlando,2014,228.5
Clearwater/Saint Petersburg,2000,443.7
Clearwater/Saint Petersburg,2001,447.18
Clearwater/Saint Petersburg,2002,450.78
Clearwater/Saint Petersburg,2003,454.49
Clearwater/Saint Petersburg,2004,458.32
Clearwater/Saint Petersburg,2005,462.28
Clearwater/Saint Petersburg,2006,466.35
Clearwater/Saint Petersburg,2007,470.56
Clearwater/Saint Petersburg,2008,474.9
Clearwater/Saint Petersburg,2009,479.37
Clearwater/Saint Petersburg,2010,483.99
Clearwater/Saint Petersburg,2011,488.75
Clearwater/Saint Petersburg,2012,493.66
Clearwater/Saint Petersburg,2013,498.73
Clearwater/Saint Petersburg,2014,503.95
Tampa,2000,354.33
Tampa,2001,361.76
Tampa,2002,369.34
Tampa,2003,377.08
Tampa,2004,384.98
Tampa,2005,393.05
Tampa,2006,401.29
Tampa,2007,409.7
Tampa,2008,418.29
Tampa,2009,427.06
Tampa,2010,436.01
Tampa,2011,445.15
Tampa,2012,454.48
Tampa,2013,464.01
Tampa,2014,473.73
Miami,2000,353.16
Miami,2001,356.89
Miami,2002,360.66
Miami,2003,364.48
Miami,2004,368.34
Miami,2005,372.24
Miami,2006,376.19
Miami,2007,380.19
Miami,2008,384.22
Miami,2009,388.31
Miami,2010,392.44
Miami,2011,396.62
Miami,2012,400.85
Miami,2013,405.13
Miami,2014,409.46
Mcallen,2000,138.83
Mcallen,2001,143.17
Mcallen,2002,147.64
Mcallen,2003,152.26
Mcallen,2004,157.02
Mcallen,2005,161.93
Mcallen,2006,166.99
Mcallen,2007,172.21
Mcallen,2008,177.6
Mcallen,2009,183.15
Mcallen,2010,188.88
Mcallen,2011,194.78
Mcallen,2012,200.87
Mcallen,2013,207.15
Mcallen,2014,213.63
United States,2000,30.8
United States,2001,31.1
United States,2002,31.39
United States,2003,31.66
United States,2004,31.96
United States,2005,32.25
United States,2006,32.57
United States,2007,32.88
United States,2008,33.19
United States,2009,33.48
United States,2010,33.76
United States,2011,34.02
United States,2012,34.28
United States,2013,34.54
United States,2014,34.8
